-- phpMyAdmin SQL Dump
-- version 3.4.10.1deb1
-- http://www.phpmyadmin.net
--
-- Servidor: localhost
-- Tiempo de generación: 18-10-2012 a las 13:39:00
-- Versión del servidor: 5.5.24
-- Versión de PHP: 5.3.10-1ubuntu3.4

SET SQL_MODE="NO_AUTO_VALUE_ON_ZERO";
SET time_zone = "+00:00";


/*!40101 SET @OLD_CHARACTER_SET_CLIENT=@@CHARACTER_SET_CLIENT */;
/*!40101 SET @OLD_CHARACTER_SET_RESULTS=@@CHARACTER_SET_RESULTS */;
/*!40101 SET @OLD_COLLATION_CONNECTION=@@COLLATION_CONNECTION */;
/*!40101 SET NAMES utf8 */;

--
-- Base de datos: `unillantas`
--

-- --------------------------------------------------------

--
-- Estructura de tabla para la tabla `bodegas`
--

CREATE TABLE IF NOT EXISTS `bodegas` (
  `idbodegas` int(10) unsigned NOT NULL AUTO_INCREMENT,
  `bodega` varchar(45) NOT NULL,
  `direccion` varchar(45) NOT NULL,
  PRIMARY KEY (`idbodegas`)
) ENGINE=InnoDB  DEFAULT CHARSET=latin1 AUTO_INCREMENT=4 ;

--
-- Volcado de datos para la tabla `bodegas`
--

INSERT INTO `bodegas` (`idbodegas`, `bodega`, `direccion`) VALUES
(1, 'ALMACEN', 'Av. Cuauhtémoc No. 518 Esp. Periferico'),
(2, 'RENOVADO', 'no definida'),
(3, 'GUERRERO', 'no definida aun');

-- --------------------------------------------------------

--
-- Estructura de tabla para la tabla `detalle_servicios`
--

CREATE TABLE IF NOT EXISTS `detalle_servicios` (
  `id_os` int(10) unsigned NOT NULL,
  `id_servicios` int(10) unsigned NOT NULL,
  `id_trabajadores` int(10) NOT NULL
) ENGINE=InnoDB DEFAULT CHARSET=latin1;

-- --------------------------------------------------------

--
-- Estructura de tabla para la tabla `existencias`
--

CREATE TABLE IF NOT EXISTS `existencias` (
  `llantas_mspn` varchar(45) DEFAULT NULL,
  `cantidad` int(10) unsigned DEFAULT NULL,
  `id_bodega` int(10) unsigned DEFAULT NULL,
  `id_existencias` int(10) unsigned NOT NULL AUTO_INCREMENT,
  PRIMARY KEY (`id_existencias`)
) ENGINE=InnoDB  DEFAULT CHARSET=latin1 ROW_FORMAT=DYNAMIC AUTO_INCREMENT=857 ;

--
-- Volcado de datos para la tabla `existencias`
--

INSERT INTO `existencias` (`llantas_mspn`, `cantidad`, `id_bodega`, `id_existencias`) VALUES
('19761', 9, 1, 19),
('19761', 92, 3, 20),
('34067', 23, 1, 21),
('10287', 4, 1, 22),
('10287', 41, 3, 23),
('20364', 4, 1, 24),
('20364', 95, 3, 25),
('23918', 6, 1, 26),
('23918', 1, 3, 27),
('30387', 5, 1, 28),
('30387', 0, 3, 29),
('32201', 4, 1, 30),
('32201', 22, 3, 31),
('36767', 9, 1, 32),
('36767', 8, 3, 33),
('89377', 3, 1, 34),
('89377', 0, 3, 35),
('99366', 1, 1, 36),
('7663', 4, 1, 38),
('7663', 5, 3, 39),
('14492', 4, 1, 40),
('14492', 128, 3, 41),
('16529', 4, 1, 42),
('16529', 2, 3, 43),
('18569', 2, 1, 44),
('18569', 5, 3, 45),
('22481', 1, 1, 46),
('23279', 4, 1, 47),
('23279', 3, 3, 48),
('23933', 2, 1, 50),
('23933', 3, 3, 51),
('29757', 5, 1, 52),
('29757', 9, 3, 53),
('40433', 1, 3, 54),
('55652', 4, 1, 55),
('55652', 9, 3, 56),
('63007', 3, 1, 57),
('68126', 4, 1, 58),
('68126', 0, 3, 59),
('83556', 4, 1, 60),
('83556', 1, 3, 61),
('84218', 4, 1, 62),
('84218', 23, 3, 63),
('84693', 1, 1, 64),
('85568', 2, 1, 65),
('3741', 4, 1, 66),
('5732', 2, 1, 67),
('7435', 4, 3, 68),
('8947', 4, 1, 69),
('8947', 3, 3, 70),
('9397', 2, 1, 71),
('9397', 4, 3, 72),
('9822', 4, 1, 73),
('9822', 2, 3, 74),
('13573', 3, 1, 75),
('16231', 4, 1, 76),
('17351', 1, 1, 77),
('17351', 0, 3, 78),
('25281', 4, 1, 79),
('25281', 1, 2, 80),
('25281', 1, 3, 81),
('31796', 4, 1, 82),
('31796', 0, 3, 83),
('36597', 5, 2, 84),
('37566', 4, 1, 85),
('37566', 2, 3, 86),
('41008', 2, 1, 87),
('48852', 3, 1, 88),
('48852', 2, 3, 89),
('60440', 3, 1, 90),
('60440', 3, 3, 91),
('67990', 4, 1, 92),
('93115', 4, 1, 93),
('93115', 4, 3, 94),
('95649', 4, 1, 95),
('95649', 4, 3, 96),
('95885', 4, 1, 97),
('95885', 2, 3, 98),
('5691', 3, 1, 99),
('4743', 2, 1, 100),
('1049', 4, 3, 101),
('1791', 4, 1, 102),
('1791', 65, 3, 103),
('10631', 1, 1, 104),
('10631', 2, 3, 105),
('27111', 2, 1, 106),
('11977', 4, 1, 107),
('11977', 8, 3, 108),
('12255', 2, 1, 109),
('12255', 4, 3, 110),
('17299', 7, 1, 111),
('17299', 1, 3, 112),
('18880', 2, 1, 113),
('18880', 1, 3, 114),
('22873', 0, 1, 115),
('22873', 1, 3, 116),
('29697', 1, 1, 117),
('50991', 4, 1, 118),
('50991', 14, 3, 119),
('60905', 5, 1, 120),
('67844', 4, 1, 121),
('67844', 8, 3, 122),
('76712', 3, 1, 123),
('76712', 3, 2, 124),
('76712', 6, 3, 125),
('80272', 4, 3, 126),
('94860', 4, 1, 127),
('94860', 4, 3, 128),
('4049', 2, 1, 129),
('4049', 4, 3, 130),
('7875', 2, 1, 131),
('7875', 2, 3, 132),
('29964', 1, 1, 133),
('29964', 4, 3, 134),
('36952', 2, 1, 135),
('36952', 0, 3, 136),
('37359', 2, 1, 137),
('37359', 6, 3, 138),
('67012', 3, 1, 139),
('67012', 3, 3, 140),
('94200', 4, 1, 141),
('94200', 0, 3, 142),
('8268', 7, 1, 143),
('8268', 52, 3, 144),
('14307', 5, 1, 145),
('14307', 6, 2, 146),
('14307', 19, 3, 147),
('37503', 5, 1, 148),
('37503', 10, 3, 149),
('7919', 4, 1, 150),
('7919', 0, 3, 151),
('7978', 8, 3, 152),
('12117', 4, 1, 153),
('12117', 90, 3, 154),
('24798', 3, 3, 155),
('36210', 4, 1, 156),
('36210', 2, 2, 157),
('36210', 40, 3, 158),
('77279', 8, 1, 159),
('77279', 35, 3, 160),
('2397', 4, 1, 161),
('2397', 53, 3, 162),
('2399', 4, 1, 163),
('2399', 12, 3, 164),
('4736', 2, 1, 165),
('4736', 6, 3, 166),
('8115', 2, 1, 167),
('8115', 4, 3, 168),
('9808', 12, 3, 169),
('10302', 1, 1, 170),
('10302', 6, 3, 171),
('11565', 2, 1, 172),
('11565', 10, 3, 173),
('22606', 3, 1, 174),
('23111', 4, 1, 175),
('23111', 8, 3, 176),
('23281', 2, 1, 177),
('23281', 4, 3, 178),
('23388', 2, 1, 179),
('23388', 8, 3, 180),
('25516', 4, 1, 181),
('25516', 2, 3, 182),
('28909', 1, 3, 183),
('35177', 5, 1, 184),
('35177', 12, 3, 185),
('11391', 4, 1, 186),
('11391', 4, 2, 187),
('11391', 4, 3, 188),
('79176', 4, 1, 189),
('79176', 9, 3, 190),
('98347', 4, 1, 191),
('98347', 0, 3, 192),
('98835', 1, 1, 193),
('98835', 9, 3, 194),
('1569', 12, 3, 195),
('644', 2, 1, 196),
('644', 5, 3, 197),
('1990', 3, 1, 198),
('1990', 9, 3, 199),
('9607', 4, 1, 200),
('9607', 6, 3, 201),
('13022', 4, 1, 202),
('13022', 14, 3, 203),
('14735', 2, 1, 204),
('16696', 12, 3, 205),
('25979', 2, 3, 206),
('30799', 2, 1, 207),
('30799', 0, 3, 208),
('606', 2, 3, 209),
('35551', 4, 1, 210),
('35551', 14, 3, 211),
('37257', 4, 1, 212),
('37257', 4, 3, 213),
('55332', 0, 1, 214),
('55332', 0, 3, 215),
('60044', 4, 1, 216),
('60044', 9, 3, 217),
('70371', 1, 2, 218),
('70371', 1, 3, 219),
('91504', 2, 1, 220),
('91504', 3, 3, 221),
('95100', 1, 3, 222),
('97723', 8, 3, 223),
('1137', 2, 1, 224),
('1137', 2, 3, 225),
('42614', 4, 3, 226),
('11631', 2, 1, 227),
('11631', 12, 3, 228),
('2633', 2, 1, 229),
('3822', 2, 1, 230),
('3822', 6, 3, 231),
('16109', 2, 1, 232),
('16109', 2, 3, 233),
('26619', 2, 1, 234),
('26619', 10, 3, 235),
('60429', 1, 1, 236),
('60429', 1, 2, 237),
('60429', 6, 3, 238),
('67425', 3, 1, 239),
('67425', 1, 3, 240),
('77546', 4, 1, 241),
('79828', 2, 1, 242),
('79828', 6, 3, 243),
('5146', 2, 1, 244),
('5146', 4, 3, 245),
('6215', 2, 1, 246),
('6215', 1, 3, 247),
('7571', 2, 1, 248),
('7571', 3, 3, 249),
('13117', 2, 1, 250),
('13117', 6, 3, 251),
('16002', 2, 1, 252),
('16002', 2, 3, 253),
('36849', 2, 1, 254),
('36849', 4, 3, 255),
('92866', 2, 1, 256),
('92866', 6, 3, 257),
('16270', 2, 1, 258),
('16270', 6, 3, 259),
('21223', 4, 3, 260),
('22093', 4, 1, 261),
('22093', 1, 3, 262),
('36429', 2, 1, 263),
('36429', 6, 3, 264),
('37751', 1, 1, 265),
('37751', 3, 3, 266),
('75433', 4, 3, 267),
('45834', 8, 1, 268),
('45834', 4, 3, 269),
('48617', 4, 1, 270),
('48617', 2, 2, 271),
('48617', 20, 3, 272),
('54986', 8, 1, 273),
('54986', 2, 2, 274),
('54986', 1, 3, 275),
('71918', 12, 1, 276),
('71918', 157, 3, 277),
('21155', 5, 1, 278),
('21155', 1, 3, 279),
('23640', 3, 1, 280),
('23640', 0, 3, 281),
('28630', 4, 1, 282),
('28630', 3, 3, 283),
('37157', 10, 3, 284),
('64077', 1, 1, 285),
('64077', 1, 2, 286),
('64077', 8, 3, 287),
('67439', 4, 1, 288),
('67439', 8, 3, 289),
('74218', 2, 1, 290),
('2884', 2, 1, 291),
('2884', 2, 3, 292),
('7671', 3, 1, 293),
('7671', 5, 3, 294),
('8163', 4, 1, 295),
('8163', 5, 3, 296),
('9082', 2, 1, 297),
('9082', 16, 3, 298),
('10233', 1, 1, 299),
('10233', 8, 3, 300),
('14505', 6, 1, 301),
('14505', 6, 3, 302),
('16664', 4, 1, 303),
('16664', 6, 3, 304),
('21409', 2, 1, 305),
('21409', 6, 3, 306),
('26613', 4, 1, 307),
('26613', 13, 3, 308),
('30830', 3, 1, 309),
('32707', 2, 1, 310),
('32707', 2, 3, 311),
('51212', 1, 1, 312),
('51212', 1, 3, 313),
('54003', 2, 1, 314),
('57931', 2, 1, 315),
('57931', 0, 3, 316),
('58541', 4, 1, 317),
('58541', 30, 3, 318),
('71599', 4, 1, 319),
('71599', 5, 2, 320),
('71599', 5, 3, 321),
('71715', 1, 1, 322),
('76551', 4, 1, 323),
('76551', 4, 3, 324),
('80582', 1, 1, 325),
('85026', 4, 1, 326),
('85026', 14, 3, 327),
('17476', 2, 1, 328),
('79673', 2, 1, 329),
('79673', 1, 2, 330),
('79673', 11, 3, 331),
('91918', 4, 3, 332),
('94081', 1, 1, 333),
('94334', 3, 1, 334),
('8847', 2, 1, 335),
('8847', 2, 3, 336),
('2107', 1, 1, 337),
('2107', 1, 3, 338),
('4259', 2, 1, 339),
('4259', 6, 3, 340),
('8431', 4, 1, 341),
('8431', 2, 3, 342),
('8903', 1, 3, 343),
('12861', 1, 1, 344),
('12861', 5, 3, 345),
('15437', 1, 1, 346),
('15437', 0, 3, 347),
('18315', 1, 1, 348),
('24615', 3, 1, 349),
('26469', 6, 1, 350),
('26444', 2, 3, 351),
('39484', 4, 1, 352),
('39484', 7, 2, 353),
('39484', 3, 3, 354),
('46710', 2, 1, 355),
('56768', 2, 1, 356),
('56768', 2, 3, 357),
('71146', 1, 1, 358),
('71146', 2, 3, 359),
('76465', 1, 1, 360),
('76465', 8, 3, 361),
('79230', 4, 1, 362),
('79230', 2, 3, 363),
('86701', 1, 1, 364),
('90733', 3, 1, 365),
('99319', 2, 1, 366),
('99319', 3, 3, 367),
('32352', 2, 1, 368),
('10497', 4, 1, 369),
('10497', 5, 3, 370),
('11497', 8, 1, 371),
('3135', 2, 1, 372),
('3135', 1, 3, 373),
('5491', 2, 1, 374),
('5491', 8, 3, 375),
('12516', 6, 3, 376),
('22853', 4, 1, 377),
('22853', 6, 3, 378),
('25343', 1, 1, 379),
('44287', 1, 3, 380),
('53580', 4, 1, 381),
('67379', 2, 1, 382),
('79712', 2, 3, 383),
('82042', 0, 1, 384),
('82042', 6, 3, 385),
('86358', 2, 1, 386),
('86358', 0, 3, 387),
('88499', 3, 1, 388),
('88796', 3, 1, 389),
('88796', 2, 3, 390),
('97329', 2, 1, 391),
('97329', 2, 3, 392),
('98894', 2, 1, 393),
('77326', 1, 1, 394),
('77326', 3, 3, 395),
('38527', 2, 1, 396),
('38527', 5, 3, 397),
('61972', 2, 1, 398),
('61972', 2, 3, 399),
('68815', 2, 1, 400),
('68815', 1, 3, 401),
('86741', 2, 1, 402),
('86741', 2, 3, 403),
('87994', 2, 1, 404),
('87994', 2, 2, 405),
('88309', 2, 1, 406),
('88309', 2, 3, 407),
('90714', 4, 1, 408),
('81848', 1, 1, 409),
('83036', 1, 1, 410),
('83036', 3, 3, 411),
('34557', 5, 1, 412),
('34557', 20, 3, 413),
('96365', 3, 1, 414),
('96365', 1, 2, 415),
('96365', 10, 3, 416),
('2821', 4, 1, 417),
('2821', 8, 3, 418),
('4893', 3, 1, 419),
('4893', 20, 3, 420),
('7737', 1, 1, 421),
('7737', 7, 3, 422),
('8012', 1, 1, 423),
('8012', 4, 3, 424),
('10117', 5, 3, 425),
('11079', 4, 3, 426),
('15976', 1, 1, 427),
('16177', 1, 1, 428),
('29274', 4, 1, 429),
('29274', 2, 2, 430),
('29274', 67, 3, 431),
('32459', 4, 1, 432),
('32459', 8, 3, 433),
('36630', 2, 1, 434),
('36630', 8, 3, 435),
('45738', 1, 1, 436),
('45738', 3, 3, 437),
('49774', 1, 1, 438),
('49774', 7, 3, 439),
('73178', 4, 1, 440),
('73178', 8, 3, 441),
('85672', 2, 1, 442),
('85672', 6, 3, 443),
('89796', 8, 1, 444),
('89796', 14, 3, 445),
('1822', 2, 1, 446),
('1822', 13, 3, 447),
('3219', 2, 1, 448),
('3219', 2, 3, 449),
('3643', 1, 1, 450),
('3643', 2, 3, 451),
('10416', 2, 1, 452),
('10416', 39, 3, 453),
('10761', 2, 1, 454),
('10761', 22, 3, 455),
('11379', 177, 3, 456),
('13290', 2, 1, 457),
('13290', 4, 3, 458),
('14340', 1, 1, 459),
('14340', 7, 3, 460),
('14809', 3, 1, 461),
('14809', 9, 3, 462),
('15953', 4, 1, 463),
('15953', 6, 3, 464),
('17197', 1, 1, 465),
('17197', 25, 3, 466),
('20679', 4, 1, 467),
('20679', 34, 2, 468),
('20679', 18, 3, 469),
('21480', 3, 2, 470),
('22027', 3, 1, 471),
('22027', 2, 2, 472),
('24970', 4, 3, 473),
('29909', 2, 1, 474),
('32378', 2, 1, 475),
('32378', 1, 3, 476),
('32537', 8, 3, 477),
('33393', 2, 3, 478),
('33393', 2, 3, 479),
('31608', 2, 1, 480),
('92042', 2, 3, 481),
('35261', 2, 1, 482),
('35261', 4, 3, 483),
('42637', 1, 1, 484),
('53860', 1, 1, 485),
('53860', 4, 3, 486),
('59876', 10, 3, 487),
('64952', 4, 1, 488),
('64952', 12, 3, 489),
('72870', 3, 1, 490),
('77118', 12, 3, 491),
('88357', 2, 1, 492),
('88357', 6, 3, 493),
('93449', 2, 1, 494),
('93449', 10, 3, 495),
('30537', 2, 3, 496),
('875', 2, 2, 497),
('875', 1, 1, 498),
('875', 2, 3, 499),
('1616', 46, 3, 500),
('2458', 3, 1, 501),
('2458', 35, 3, 502),
('5950', 12, 3, 503),
('6223', 1, 1, 504),
('6223', 7, 3, 505),
('8455', 2, 1, 506),
('8455', 7, 2, 507),
('8549', 3, 1, 508),
('8549', 9, 3, 509),
('8921', 6, 3, 510),
('18701', 1, 1, 511),
('18701', 11, 3, 512),
('21567', 4, 1, 513),
('22049', 3, 3, 514),
('25105', 1, 1, 515),
('25105', 12, 3, 516),
('27039', 2, 1, 517),
('27039', 8, 3, 518),
('29446', 4, 1, 519),
('29446', 8, 3, 520),
('30536', 3, 1, 521),
('31653', 2, 1, 522),
('31653', 1, 2, 523),
('31653', 5, 3, 524),
('32131', 2, 1, 525),
('32131', 10, 3, 526),
('34162', 2, 1, 527),
('34162', 16, 3, 528),
('34424', 4, 3, 529),
('34949', 5, 1, 530),
('36093', 2, 1, 531),
('36093', 3, 2, 532),
('36093', 19, 3, 533),
('39131', 4, 1, 534),
('39131', 8, 3, 535),
('49713', 1, 1, 536),
('65734', 4, 1, 537),
('65734', 13, 3, 538),
('29509', 2, 1, 539),
('78605', 2, 1, 540),
('78605', 2, 3, 541),
('82383', 4, 3, 542),
('83284', 1, 1, 543),
('83284', 13, 3, 544),
('98529', 4, 1, 545),
('98529', 14, 3, 546),
('99782', 1, 3, 547),
('28459', 4, 3, 548),
('2625', 8, 3, 549),
('2770', 2, 1, 550),
('2770', 5, 3, 551),
('2818', 2, 1, 552),
('2818', 6, 3, 553),
('67553', 2, 1, 554),
('67553', 15, 3, 555),
('35237', 2, 1, 556),
('20881', 1, 1, 557),
('20881', 9, 3, 558),
('30710', 4, 3, 559),
('30836', 1, 1, 560),
('30836', 5, 3, 561),
('33774', 19, 3, 562),
('39781', 1, 1, 563),
('39781', 3, 3, 564),
('58378', 2, 1, 565),
('58378', 2, 3, 566),
('34143', 1, 1, 567),
('34143', 1, 2, 568),
('34143', 10, 3, 569),
('19231', 9, 1, 570),
('19231', 13, 3, 571),
('73566', 6, 1, 572),
('73566', 6, 3, 573),
('4910', 4, 1, 574),
('4910', 9, 3, 575),
('8059', 4, 1, 576),
('8059', 11, 3, 577),
('9125', 4, 1, 578),
('9125', 8, 3, 579),
('11937', 2, 1, 580),
('11937', 2, 3, 581),
('12965', 8, 1, 582),
('12965', 0, 3, 583),
('13155', 2, 1, 584),
('13155', 0, 3, 585),
('22164', 5, 1, 586),
('22164', 1, 2, 587),
('40292', 1, 1, 588),
('72498', 4, 1, 589),
('72498', 4, 3, 590),
('827', 1, 1, 591),
('827', 7, 3, 592),
('2265', 3, 1, 593),
('2265', 2, 3, 594),
('2784', 4, 1, 595),
('2784', 2, 3, 596),
('3300', 2, 1, 597),
('3300', 6, 3, 598),
('3387', 4, 1, 599),
('3387', 2, 2, 600),
('3387', 0, 3, 601),
('10183', 1, 1, 602),
('10183', 2, 3, 603),
('24287', 4, 1, 604),
('24287', 16, 3, 605),
('33471', 1, 1, 606),
('38635', 4, 1, 607),
('38635', 6, 3, 608),
('59767', 2, 1, 609),
('99681', 1, 1, 610),
('99681', 6, 3, 611),
('2979', 2, 1, 612),
('8427', 1, 1, 613),
('8427', 3, 3, 614),
('10259', 4, 1, 615),
('10259', 0, 3, 616),
('15101', 2, 1, 617),
('15101', 8, 2, 618),
('29951', 1, 1, 619),
('29951', 1, 3, 620),
('27863', 4, 3, 621),
('9343', 2, 1, 622),
('9343', 4, 2, 623),
('39895', 1, 1, 624),
('39895', 1, 1, 625),
('80203', 1, 1, 626),
('81808', 1, 1, 627),
('74133', 2, 1, 628),
('31724', 8, 3, 629),
('43478', 4, 1, 630),
('55408', 4, 1, 631),
('59382', 2, 1, 632),
('59382', 2, 3, 633),
('62996', 11, 3, 634),
('7986', 2, 1, 635),
('7986', 1, 3, 636),
('45241', 2, 3, 637),
('62794', 8, 3, 638),
('64935', 2, 1, 639),
('64935', 6, 3, 640),
('34067', 8, 3, 641),
('3156', 8, 3, 642),
('10280', 4, 1, 643),
('10280', 2, 3, 644),
('12013', 1, 1, 645),
('38540', 4, 1, 646),
('38540', 10, 3, 647),
('58906', 4, 1, 648),
('58906', 12, 3, 649),
('10042', 0, 1, 650),
('10042', 35, 3, 651),
('71067', 2, 1, 652),
('71067', 24, 3, 653),
('31599', 3, 1, 654),
('31599', 10, 3, 655),
('32737', 5, 1, 656),
('44124', 2, 1, 657),
('44124', 4, 3, 658),
('2184', 4, 1, 659),
('2184', 4, 3, 660),
('83567', 5, 1, 661),
('83567', 5, 3, 662),
('95464', 3, 1, 663),
('95464', 5, 3, 664),
('2012', 2, 1, 665),
('2012', 18, 3, 666),
('5408', 2, 1, 667),
('5408', 12, 3, 668),
('12164', 4, 1, 669),
('14026', 4, 1, 670),
('14026', 10, 3, 671),
('29192', 3, 1, 672),
('48905', 4, 1, 673),
('48905', 16, 3, 674),
('73391', 2, 1, 675),
('73391', 8, 3, 676),
('5573', 2, 1, 677),
('5573', 14, 3, 678),
('10251', 0, 1, 679),
('10251', 4, 3, 680),
('20960', 5, 1, 681),
('20960', 11, 3, 682),
('33284', 2, 1, 683),
('33284', 2, 3, 684),
('38545', 4, 1, 685),
('38545', 11, 3, 686),
('21467', 4, 1, 687),
('21467', 16, 3, 688),
('28653', 8, 1, 689),
('86105', 2, 1, 690),
('86105', 6, 3, 691),
('37760', 2, 1, 692),
('48079', 1, 1, 695),
('6573', 4, 1, 696),
('6573', 17, 2, 697),
('6573', 0, 3, 698),
('9808', 4, 1, 699),
('28909', 2, 1, 700),
('39113', 4, 1, 701),
('2979', 0, 1, 702),
('31733', 2, 3, 703),
('34657', 5, 1, 704),
('34657', 3, 3, 705),
('98833', 2, 3, 706),
('1431', 6, 1, 707),
('31717', 7, 3, 708),
('71918', 5, 2, 709),
('28653', 13, 3, 710),
('3175', 2, 1, 711),
('37157', 2, 1, 712),
('61144', 2, 1, 713),
('61144', 4, 2, 714),
('61144', 2, 3, 715),
('26469', 2, 3, 716),
('67379', 2, 3, 717),
('11379', 5, 1, 718),
('13473', 6, 3, 719),
('72870', 1, 3, 720),
('1616', 2, 1, 722),
('10209', 4, 1, 723),
('10209', 26, 3, 724),
('12665', 4, 1, 725),
('12665', 10, 3, 726),
('22049', 2, 1, 727),
('35237', 2, 3, 728),
('98745', 2, 1, 729),
('98745', 18, 3, 730),
('98745', 28, 2, 731),
('2265', 1, 2, 732),
('66724', 5, 1, 733),
('66724', 6, 3, 734),
('67433', 27, 3, 735),
('67433', 6, 1, 736),
('1293', 2, 1, 737),
('1293', 2, 2, 738),
('1293', 7, 3, 739),
('41968', 6, 3, 740),
('57669', 1, 1, 741),
('57669', 20, 2, 742),
('57669', 24, 3, 743),
('72832', 2, 1, 744),
('72832', 18, 3, 745),
('80957', 4, 1, 746),
('80957', 8, 3, 747),
('18443', 4, 1, 748),
('18443', 3, 3, 749),
('39293', 2, 1, 750),
('39293', 1, 2, 751),
('42770', 4, 3, 752),
('23176', 2, 1, 753),
('23176', 5, 2, 754),
('23176', 110, 3, 755),
('46510', 7, 2, 756),
('46510', 6, 3, 757),
('46510', 2, 1, 758),
('49827', 21, 3, 759),
('49827', 4, 1, 760),
('55810', 9, 3, 761),
('55810', 3, 2, 762),
('62996', 2, 1, 763),
('71202', 3, 1, 764),
('71202', 1, 3, 765),
('74917', 2, 1, 766),
('74917', 12, 3, 767),
('86389', 1, 1, 768),
('86389', 5, 3, 769),
('92724', 2, 1, 770),
('93822', 2, 1, 771),
('93822', 3, 3, 772),
('93822', 1, 2, 773),
('95077', 6, 3, 774),
('3713', 1, 1, 775),
('3713', 1, 2, 776),
('1963', 8, 3, 777),
('19502', 2, 1, 778),
('19502', 7, 3, 779),
('691', 6, 1, 780),
('691', 30, 3, 781),
('75997', 2, 1, 782),
('75997', 7, 3, 783),
('11491', 16, 3, 784),
('85335', 3, 3, 785),
('31535', 8, 3, 786),
('1637', 12, 3, 787),
('40200', 1, 1, 788),
('40200', 4, 3, 789),
('40321', 4, 3, 790),
('53779', 53779, 3, 791),
('61737', 1, 1, 792),
('61737', 1, 2, 793),
('61737', 13, 3, 794),
('73154', 1, 1, 795),
('73927', 22, 3, 796),
('76184', 1, 1, 797),
('76184', 3, 3, 798),
('76747', 4, 3, 799),
('80424', 2, 1, 800),
('80424', 20, 3, 801),
('81993', 18, 3, 802),
('89725', 11, 3, 804),
('28798', 4, 3, 805),
('30574', 7, 3, 806),
('27983', 10, 3, 808),
('27983', 6, 2, 809),
('46695', 10, 3, 810),
('47951', 4, 3, 811),
('67251', 2, 1, 812),
('67251', 10, 3, 813),
('79250', 1, 1, 814),
('79250', 15, 3, 815),
('95265', 4, 1, 816),
('95265', 32, 3, 817),
('87129', 2, 1, 818),
('87129', 14, 3, 819),
('50614', 2, 3, 820),
('68045', 2, 1, 821),
('68045', 41, 3, 822),
('98035', 2, 1, 823),
('86409', 2, 1, 824),
('89861', 2, 1, 825),
('89861', 32, 3, 826),
('31202', 2, 1, 827),
('31202', 6, 3, 828),
('31202', 1, 1, 829),
('80091', 2, 3, 830),
('40312', 2, 1, 831),
('40312', 24, 3, 832),
('40312', 3, 2, 833),
('55817', 1, 1, 834),
('55817', 18, 3, 835),
('75932', 16, 3, 836),
('14540', 3, 2, 837),
('14540', 8, 3, 838),
('80090', 1, 1, 839),
('80090', 22, 3, 840),
('48661', 41, 3, 841),
('48661', 7, 1, 842),
('54699', 2, 1, 843),
('54699', 10, 3, 844),
('2406', 4, 1, 845),
('39078', 4, 1, 846),
('39078', 16, 3, 847),
('39679', 4, 1, 848),
('39679', 4, 3, 849),
('77205', 4, 1, 850),
('77205', 1, 3, 851),
('22652', 5, 1, 852),
('22652', 12, 2, 853),
('22652', 38, 3, 854),
('29328', 3, 1, 855),
('29328', 11, 3, 856);

-- --------------------------------------------------------

--
-- Estructura de tabla para la tabla `factura`
--

CREATE TABLE IF NOT EXISTS `factura` (
  `id_factura` int(10) unsigned NOT NULL AUTO_INCREMENT,
  `folio_fct` varchar(10) DEFAULT NULL,
  `fecha` varchar(45) DEFAULT NULL,
  `estatus` varchar(45) NOT NULL,
  `vendedor` varchar(100) NOT NULL,
  PRIMARY KEY (`id_factura`) USING BTREE
) ENGINE=InnoDB  DEFAULT CHARSET=latin1 ROW_FORMAT=DYNAMIC AUTO_INCREMENT=4 ;

--
-- Volcado de datos para la tabla `factura`
--

INSERT INTO `factura` (`id_factura`, `folio_fct`, `fecha`, `estatus`, `vendedor`) VALUES
(2, '15481', '01/10/2012', 'cerrado', 'jasmin gonzalez'),
(3, '15694', '10/10/2012', 'cerrado', 'MARIBEL HERNANDEZ');

-- --------------------------------------------------------

--
-- Estructura de tabla para la tabla `llantas`
--

CREATE TABLE IF NOT EXISTS `llantas` (
  `mspn` int(10) unsigned NOT NULL AUTO_INCREMENT,
  `medida` varchar(45) NOT NULL,
  `rcv` varchar(45) NOT NULL,
  `costado` varchar(45) NOT NULL,
  `precio` varchar(45) NOT NULL,
  `c_barras` varchar(45) NOT NULL,
  `existencia_min` varchar(45) NOT NULL,
  `modelo` varchar(45) NOT NULL,
  PRIMARY KEY (`mspn`)
) ENGINE=InnoDB  DEFAULT CHARSET=latin1 ROW_FORMAT=DYNAMIC AUTO_INCREMENT=99916 ;

--
-- Volcado de datos para la tabla `llantas`
--

INSERT INTO `llantas` (`mspn`, `medida`, `rcv`, `costado`, `precio`, `c_barras`, `existencia_min`, `modelo`) VALUES
(606, '31x10.50R15', '109Q', 'LBR', '2941', '', '', '47'),
(644, 'LT245/70R17   ', '116R  ', 'PN', '3767', '', '', '24'),
(648, 'P235/70R15', '102T', 'LBRD', 'N/D', '', '', '57'),
(691, '225/70R19.5', 'G', 'PN', ' 6787', '', '', '71'),
(736, '245/40ZR19 K2 ', '(94Y)', 'PN', '6413', '', '', '5'),
(826, '285/40ZR19 N0 ', '103Y', 'PN', '8120', '', '', '5'),
(827, '215/65R15', '96H', 'PN', '1446', '', '', '53'),
(875, 'LT305/65R17', '121R', 'LBR', '3885', '', '', '46'),
(914, '225/50R15DIR', '91V', 'PN', '2090', '', '', '34'),
(1025, 'P275/60R18   ', '111H  ', 'PN', '4532', '', '', '21'),
(1049, '235/55ZR17 DIR', '99W', 'PN', '4348', '', '', '3'),
(1137, 'LT275/65R18 GX  ', '123R  ', 'LBRD', '4777', '', '', '24'),
(1248, 'P265/75R16', '114T', 'LBRD', '3546', '', '', '62'),
(1293, 'P235/75R15XL', '108S', 'LBRD', '1728', '', '', '64'),
(1431, 'P235/65R18   ', '104H  ', 'PN', '3687', '', '', '21'),
(1442, '225/60ZR16 DIR', '98W', 'PN', '3630', '', '', '3'),
(1451, '225/60R16', '98H', 'PN', '1711', '', '', '53'),
(1495, '225/35ZR19 XL K1', '(88Y)', 'PN', '6223', '', '', '5'),
(1507, '225/60R17', '99T', 'PN', 'N/D', '', '', '37'),
(1569, 'LT235/80R17   ', '120/117R LRE ', 'PN', '3692', '', '', '23'),
(1616, 'LT265/65R17', '120S', 'LBR', '3181', '', '', '46'),
(1637, '275/80R22.5', 'H', 'PN', '10544', '', '', '72'),
(1700, 'LT275/70R18   ', '125/122R LRE ', 'LBRD', '4867', '', '', '23'),
(1715, '255/40ZR18 XL BM', '(99Y)', 'PN', '6460', '', '', '5'),
(1791, 'P215/65R17 DIR', '98T  ', 'PN', '2516', '', '', '15'),
(1822, 'LT265/75R16', '123/120Q', 'LBR', '3227', '', '', '47'),
(1870, '285/40ZR17 DIR', '100Y', 'PN', '6229', '', '', '3'),
(1887, '255/35ZR18 ZP BM', '90W', 'PN', '7249', '', '', '5'),
(1889, '10.00 R 20', 'H', 'PN', '10199', '', '', '70'),
(1963, '235/75R17.5', 'J', 'PN', '7034', '', '', '68'),
(1966, '235/40ZR18 XL', '95Y', 'PN', '5370', '', '', '2'),
(1990, 'P245/65R17   ', '107H  ', 'PN', '3572', '', '', '21'),
(2012, '225/65 R16', '100T', 'PN', '2367.00', 'S/C', '18', '61'),
(2047, '255/40ZR20 N0 ', '101Y', 'PN', '7899', '', '', '5'),
(2107, '215/60R16', '95H', 'PN', '2009', '', '', '37'),
(2184, '195/60R15', '88T', 'PN', '2006', '', '', '61'),
(2262, '255/35ZR19/XL GX AO', '96Y', 'PN', '7442', '', '', '4'),
(2265, '205/65R15', '94V', 'PN', '1438', '', '', '52'),
(2267, '255/60R17   ', '106V  ', 'PN', '3879', '', '', '21'),
(2397, 'LT215/85R16 GX  ', '115R  ', 'LBRD', '3166', '', '', '24'),
(2399, 'P245/75R16   ', '109S  ', 'LBRD', '2979', '', '', '23'),
(2406, '6.50-16', 'PR6', 'PN', '1565', '', '', '88'),
(2423, '245/30ZR20 XL DT', '90Y', 'PN', '8446', '', '', '1'),
(2458, 'LT275/70R17', '121/118R', 'LBR', '3426', '', '', '46'),
(2516, '35x12.50R15DT', '113T', 'PN', '5910', '', '', '48'),
(2625, 'LT265/65R18', '122R', 'LBR', '3523', '', '', '46'),
(2633, 'P265/65R18   ', '112T  ', 'PN', '4288', '', '', '24'),
(2647, '225/55R17', '97V', 'PN', '3202', '', '', '8'),
(2770, 'P265/60R18', '109T', 'PN', '2984', '', '', '44'),
(2784, '185/65R15', '88H', 'PN', '1238', '', '', '53'),
(2817, 'P245/45R18', '96V', 'PN', '4882', '', '', '6'),
(2818, 'LT275/65R18', '123R', 'LBR', '3720', '', '', '46'),
(2821, 'LT215/75R15', '100S', 'LBR', '1825', '', '', '46'),
(2884, '205/55R15DIR', '88V', 'PN', '1831', '', '', '34'),
(2979, '205/60R16', '92T', 'PN', '1356', '', '', '54'),
(3135, '235/60R17', '102T', 'PN', 'N/D', '', '', '37'),
(3156, '175/65R14', '82T', 'PN', '1266', '', '', '61'),
(3167, 'P225/60R17 GX  ', '98V  ', 'PN', '3188', '', '', '21'),
(3175, 'P225/60R15', '95S', 'LBR', '1376', '', '', '41'),
(3219, 'LT245/70R16', '113S', 'LBR', '2568', '', '', '46'),
(3264, '245/40ZR18 XL', '97Y', 'PN', '5641', '', '', '2'),
(3300, 'P215/65R15', '95T', 'PN', '1217', '', '', '55'),
(3330, 'P195/70R14', '90T', 'PN', '948', '', '', '55'),
(3387, '195/55R15', '85V', 'PN', '1438', '', '', '52'),
(3531, 'P245/70R16', '106T', 'LBRD', '3167', '', '', '62'),
(3643, 'LT315/75R16', '121Q', 'LBR', '3990', '', '', '46'),
(3713, '11R24.5', 'H', 'PN', '11476 ', '', '', '75'),
(3727, 'P255/55R18   ', '104H  ', 'PN', '3956', '', '', '21'),
(3741, '225/65R16', '100H', 'PN', '2419', '', '', '8'),
(3822, 'LT275/65R18 DT  ', '123/120R LRE ', 'LBRD', '4741', '', '', '23'),
(3835, 'P255/60R19GM', '108S', 'PN', '4212', '', '', '62'),
(3884, 'P245/40ZR18LL', '88W', 'PN', '4388', '', '', '31'),
(3945, '215/60R15', '94T', 'PN', '2138', '', '', '61'),
(4035, 'LT275/70R18   ', '125R  ', 'LBRD', '4855', '', '', '24'),
(4049, 'P235/50R18', '97V', 'PN', '4366', '', '', '6'),
(4217, '235/45R17DIR', '94H', 'PN', '2816', '', '', '35'),
(4259, '205/60R16', '92H', 'PN', '1912', '', '', '37'),
(4493, '275/45R19 XL N0 ', '108V  ', 'PN', '4955', '', '', '21'),
(4516, 'LT275/65R20   ', '126/123R LRE ', 'LBRD', '5581', '', '', '27'),
(4736, 'LT265/75R16 DT  ', '123/120R LRE ', 'LBRD', '3902', '', '', '23'),
(4741, '245/40ZR18 DIR', '93Y', 'PN', '5601', '', '', '3'),
(4743, '225/45R17', '91W', 'PN', '4140', '', '', '7'),
(4840, '225/50ZR17', '94W', 'PN', '2360', '', '', '51'),
(4893, 'P235/75R15XL', '108T', 'LBRD', '2225', '', '', '42'),
(4910, 'P185/70R14', '87T', 'PB', '881', '', '', '55'),
(4912, '225/50R18', '95T', 'PN', 'N/D', '', '', '37'),
(4926, '225/40ZR18 XL M0', '92Y', 'PN', '5605', '', '', '5'),
(5023, 'LT275/70R18', '125/122R', 'LBRD', '3474', '', '', '44'),
(5107, 'P275/65R18   ', '114T  ', 'PN', '4344', '', '', '26'),
(5146, '235/55R19 GX  ', '101V  ', 'PN', '4071', '', '', '21'),
(5408, '235/60R16', '100T', 'PN', '2642', '', '', '61'),
(5435, '205/55R16', '91V', 'PN', '2749', '', '', '7'),
(5491, '235/55R17', '99H', 'PN', '2419', '', '', '37'),
(5495, '275/40ZR20 XL  ', '106W  ', 'PN', '5416', '', '', '21'),
(5512, '265/40ZR18 XL', '101Y', 'PN', '6183', '', '', '2'),
(5573, '235/65R16', '103T', 'PN', '3023', '', '', '61'),
(5609, '205/65R15', '94V', 'PN', '2180', '', '', '8'),
(5615, '205/60R16', '92T', 'PN', '2166', '', '', '61'),
(5691, '215/55ZR17', '94W', 'PN', '3430', '', '', '11'),
(5732, 'P215/60R16', '94T  ', 'PN', '1872', '', '', '18'),
(5816, '255/45R18', '99Y', 'PN', '5504', '', '', '7'),
(5871, '235/50ZR17', '96W', 'PN', '2514', '', '', '51'),
(5949, '225/55ZR16 DIR', '95W', 'PN', '3764', '', '', '3'),
(5950, 'LT245/70R17', '119/116Q', 'LBR', '3028', '', '', '47'),
(5968, 'LT325/65R18', '127R', 'LBR', '4205', '', '', '46'),
(6039, 'P195/65R14', '88T', 'PN', '962', '', '', '55'),
(6092, '275/35ZR19 XL ', '100Y', 'PN', '8169', '', '', '5'),
(6117, '245/35ZR20 XL DIR', '95Y', 'PN', '6856', '', '', '3'),
(6215, '255/50R19 XL  ', '107V  ', 'PN', '4609', '', '', '21'),
(6223, 'LT245/70R17', '119/116R', 'PN', '2851', '', '', '44'),
(6273, 'P215/60R16', '94H', 'PN', '2363', '', '', '8'),
(6552, 'P205/70R15', '95T', 'PB', '1143', '', '', '55'),
(6573, 'P225/70R16', '101T', 'LBRD', '2773', '', '', '62'),
(6610, '345/30ZR19 C1', '105Y', 'PN', '11160', '', '', '1'),
(6615, 'P265/70R18', '114T', 'LBRD', '3115', '', '', '42'),
(6868, '255/45R20 AO  ', '101W  ', 'PN', '4593', '', '', '20'),
(6932, 'P225/50R18 DIR', '94T  ', 'PN', '3252', '', '', '15'),
(7253, 'P235/70R16   ', '104T  ', 'LBRD', '2886', '', '', '24'),
(7299, '235/35ZR19 DT N1', '87Y', 'PN', '6811', '', '', '1'),
(7374, '195/60R15 DIR  ', '88H  ', 'PN', '1901', '', '', '12'),
(7405, '31x10.50R15', '109R', 'LBRD', '2874', '', '', '44'),
(7435, '245/50ZR16 DIR', '97W', 'PN', '4436', '', '', '3'),
(7509, 'P255/70R16', '109T', 'LBRD', '2539', '', '', '44'),
(7571, '255/50R19 XL ZP ', '107H  ', 'PN', '4993', '', '', '21'),
(7636, '245/45ZR17', '95W', 'PN', '2707', '', '', '51'),
(7663, '195/55R15 DIR  ', '85V  ', 'PN', '2220', '', '', '12'),
(7671, '195/65R15', '91H', 'PN', '1607', '', '', '37'),
(7737, '35x12.50R15', '113Q', 'LBR', '3823', '', '', '47'),
(7807, '255/35ZR18 XL', '94Y', 'PN', '6047', '', '', '2'),
(7839, '305/30ZR19 XL DT N1', '102Y', 'PN', '9429', '', '', '1'),
(7875, 'P235/45R18', '94W', 'PN', '5125', '', '', '6'),
(7919, '195/70R15 GX  ', '104/102R  ', 'PN', '2055', '', '', '27'),
(7978, '31x10.50R15 109R  ', 'LRC  ', 'LBRD', '3592', '', '', '23'),
(7986, 'P265/65R17', '110S', 'LBRD', '2417', '', '', '56'),
(8012, '33x10.50R15', '114Q', 'LBR', '3294', '', '', '47'),
(8059, 'P175/70R14', '84T', 'PN', '827', '', '', '55'),
(8073, 'P235/75R15', '105T', 'LBRD', '2739', '', '', '62'),
(8115, 'LT245/75R16 DT  ', '120/116R LRE ', 'PN', '3430', '', '', '23'),
(8163, '185/65R15', '88H', 'PN', '1511', '', '', '37'),
(8268, '185R14 GX  ', '102/100R  ', 'PN', '1868', '', '', '27'),
(8270, 'P215/70R14', '96S', 'PN', '1496', '', '', '18'),
(8291, '235/35ZR19 DT N0', '87Y', 'PN', '6811', '', '', '1'),
(8369, '235/40ZR18', '91W', 'PN', '2849', '', '', '51'),
(8427, '225/60R16', '98T', 'PN', '1504', '', '', '54'),
(8431, '225/60R16', '98H', 'PN', '2105', '', '', '37'),
(8455, 'P245/65R17', '105T', 'PN', '2561', '', '', '44'),
(8549, 'P265/65R17', '110T', 'PN', '2826', '', '', '42'),
(8725, 'LT225/70R17', '110S', 'LBR', '2502', '', '', '46'),
(8847, '205/55ZR16NTDIR', '91Y', 'PN', '2667', '', '', '32'),
(8860, 'P235/40ZR17LL', '84W', 'PN', '3933', '', '', '31'),
(8903, '205/55ZR16DIR', '91W', 'PN', '2234', '', '', '34'),
(8921, 'P255/65R17', '108T', 'LBRD', '2692', '', '', '42'),
(8947, '205/55R16', '91H  ', 'PN', '2129', '', '', '13'),
(9077, '215/60R15', '94H', 'PN', '2175', '', '', '8'),
(9082, 'P235/60R15', '98S', 'LBR', '1296', '', '', '41'),
(9088, '225/55R18', '98H', 'PN', '3287', '', '', '8'),
(9125, '185/65R14', '86H', 'PN', '1122', '', '', '53'),
(9343, '205/60R16', '92H', 'PN', '1527', '', '', '53'),
(9397, '205/60R16MO', '92V', 'PN', '2671', '', '', '7'),
(9418, '30x9.50R15   ', '104R LRC ', 'LBRD', '2865', '', '', '25'),
(9607, 'P265/70R17   ', '113T  ', 'LBRD', '4008', '', '', '24'),
(9663, 'P185/65R15', '86T', 'PN', '1037', '', '', '55'),
(9681, '33x12.50R15', '108R', 'LBR', '3603', '', '', '46'),
(9781, 'P235/55R17 DIR', '98T  ', 'PN', '2983', '', '', '15'),
(9808, '205/65R16 GX  ', '107/105T  ', 'PN', '2373', '', '', '27'),
(9822, '215/55R16', '93H', 'PN', '2419', '', '', '8'),
(10042, '195/65R15', '91T', 'PN', '1846', '', '', '61'),
(10117, 'P265/70R15', '110T', 'LBRD', '2448', '', '', '42'),
(10183, 'P205/75R15', '97S', 'PB', '1098', '', '', '55'),
(10209, 'LT245/75R17', '121R', 'LBR', '2996', '', '', '46'),
(10233, '205/60R15', '91H', 'PN', '1752', '', '', '37'),
(10251, '225/60R17', '99T', 'PN', '2885', '', '', '61'),
(10259, '215/60R16', '95T', 'PN', '1430', '', '', '54'),
(10280, '185/65R14', '85T', 'PN', '1494', '', '', '61'),
(10287, '195/60R14 DIR  ', '86H  ', 'PN', '1657', '', '', '12'),
(10302, 'P265/70R16   ', '111T  ', 'LBRD', '3607', '', '', '24'),
(10361, 'P265/70R17 GX  ', '113H  ', 'PN', '4148', '', '', '21'),
(10405, '215/55R17', '94V', 'PN', '1976', '', '', '52'),
(10416, 'LT235/85R16', '120S', 'LBR', '2667', '', '', '46'),
(10469, 'P265/65R17', '110T', 'LBRD', '3738', '', '', '62'),
(10497, '205/45ZR16DIR', '83W', 'PN', '2377', '', '', '34'),
(10559, '39x13.50R17', '121L', 'PN', '8316', '', '', '49'),
(10631, '225/45ZR17 DIR', '91Y', 'PN', '4481', '', '', '3'),
(10679, 'LT235/80R17', '120/117R', 'LBRD', '2851', '', '', '44'),
(10687, 'LT335/55R22', '121Q', 'PN', '5762', '', '', '47'),
(10761, 'LT225/75R16', '115S', 'LBR', '2272', '', '', '46'),
(10977, '40x14.50R17', '121Q', 'PN', '5470', '', '', '47'),
(11079, '32x11.50R15', '113Q', 'LBR', '3206', '', '', '47'),
(11177, '205/60R15', '91H', 'PN', '1412', '', '', '53'),
(11228, '225/50R16', '92V', 'PN', '1884', '', '', '52'),
(11254, '225/60R17', '99T', 'PN', '1628', '', '', '54'),
(11379, 'LT245/75R16', '120S', 'LBR', '2667', '', '', '46'),
(11391, 'P255/65R16   ', '106T  ', 'PN', '3246', '', '', '24'),
(11415, '235/55ZR17DIR', '99Y', 'PN', '3577', '', '', '32'),
(11420, 'LT275/65R20', '126S', 'LBR', '4380', '', '', '46'),
(11491, '11.00 R 20', 'H', 'PN', '10769', '', '', '70'),
(11497, '215/50R17XLDIR', '95V', 'PN', '2433', '', '', '35'),
(11565, 'LT215/85R16 DT  ', '115/112R LRE ', 'PN', '2895', '', '', '23'),
(11613, 'P295/50R16', '107S', 'PN', '2209', '', '', '41'),
(11631, 'P265/60R18   ', '109T  ', 'LBRD', '4168', '', '', '24'),
(11647, '225/55R16', '95Y', 'PN', '3478', '', '', '7'),
(11683, '255/55R18 MO  ', '105V  ', 'PN', '4148', '', '', '21'),
(11729, '185/60R15', '84H', 'PN', 'N/D', '', '', '36'),
(11767, 'P255/60R17', '105T', 'PN', '3121', '', '', '62'),
(11937, 'P205/75R14', '95S', 'PB', '972', '', '', '55'),
(11977, '235/60R17', '102T  ', 'PN', '3196', '', '', '14'),
(12013, 'P195/70R14', '90S', 'PN', '1378', '', '', '18'),
(12042, 'P255/65R16', '106T', 'PN', '2470', '', '', '42'),
(12063, 'P265/70R16', '111T', 'LBRD', '3595', '', '', '62'),
(12117, '225/70R15 GX  ', '112/110S  ', 'PN', '2425', '', '', '27'),
(12164, '205/55R16', '91T', 'PN', '2183', '', '', '61'),
(12255, '225/45R17ZP', '91W', 'PN', '4871', '', '', '7'),
(12411, '37x12.50R17', '124R', 'LBR', '4827', '', '', '46'),
(12469, 'P245/70R16', '106T', 'LBRD', '2403', '', '', '42'),
(12487, 'P255/70R17', '110T', 'LBRD', '2759', '', '', '42'),
(12516, '225/55R17', '97V', 'PN', '2435', '', '', '37'),
(12547, '195/50R16 DIR  ', '84V  ', 'PN', '2932', '', '', '12'),
(12565, '225/55R17', '97H', 'PN', '2314', '', '', '37'),
(12665, 'LT265/70R17', '112R', 'LBR', '3293', '', '', '46'),
(12666, '245/35ZR19 XL BM', '(93Y)', 'PN', '6793', '', '', '5'),
(12771, '235/50ZR18 GM ', '97Y', 'PN', '5384', '', '', '5'),
(12808, '275/45R19 XL N0, VW', '108Y  ', 'PN', '4658', '', '', '20'),
(12861, '225/50ZR16DIR', '92W', 'PN', '2652', '', '', '34'),
(12873, 'P285/60R16', '111T', 'LBR', '2082', '', '', '41'),
(12965, 'P175/65R14', '81T', 'PN', '850', '', '', '55'),
(13022, 'LT245/75R17 DT  ', '121/118R LRE ', 'LBRD', '3818', '', '', '23'),
(13117, '255/50R19 XL MO ', '107H  ', 'PN', '4417', '', '', '21'),
(13155, 'P205/70R14', '93T', 'PN', '978', '', '', '55'),
(13272, '33x12.50R15DT', '108T', 'PN', '5803', '', '', '48'),
(13273, 'P255/40ZR17LL', '89W', 'PN', '4260', '', '', '31'),
(13290, 'LT245/75R16', '120/116Q', 'LBR', '2749', '', '', '47'),
(13397, '215/60R16', '95V', 'PN', '2691', '', '', '8'),
(13469, '235/40ZR18 N4 ', '(91Y)', 'PN', '5653', '', '', '5'),
(13473, 'P235/65R16', '101T', 'PN', '2203', '', '', '42'),
(13573, '195/55R16ZP', '87V', 'PN', '2996', '', '', '7'),
(13735, '185/65R15', '88H', 'PN', '1998', '', '', '8'),
(13905, '285/35ZR18/XL GX MO1', '101Y', 'PN', '8075', '', '', '4'),
(13982, 'P225/40ZR18LL', '83W', 'PN', '4206', '', '', '31'),
(14026, '215/60R16', '95T', 'PN', '2181', '', '', '61'),
(14030, '7.50-16', 'PR8', 'PN', '1981', '', '', '88'),
(14120, 'P205/55ZR16', '89W', 'PN', '2922', '', '', '31'),
(14307, '195R14   ', '106/104R  ', 'PN', '1980', '', '', '27'),
(14340, 'P245/75R16', '109T', 'LBRD', '2470', '', '', '42'),
(14492, '195/65 R15', '89T', 'PN', '500', '', '131', '18'),
(14505, '205/50R15DIR', '86V', 'PN', '1882', '', '', '34'),
(14540, '10.00 - 20', '14 CAPAS', 'PN', '6150', '', '', '87'),
(14715, '255/40ZR19 DIR', '96Y', 'PN', '6318', '', '', '3'),
(14735, 'LT265/70R17 DT  ', '121/118R LRE ', 'LBRD', '4196', '', '', '23'),
(14809, 'P225/70R16', '101T', 'LBRD', '2136', '', '', '42'),
(14850, '255/30ZR21 XL', '93Y', 'PN', '7537', '', '', '2'),
(14897, '42x14.50R20', '125L', 'PN', '11261', '', '', '49'),
(14912, '255/40ZR18 XL', '99Y', 'PN', '5912', '', '', '2'),
(14987, '235/45ZR17', '94W', 'PN', '2586', '', '', '51'),
(15059, '215/70R15 DIR', '98T  ', 'PN', '1920', '', '', '15'),
(15094, 'P245/65R17', '105T', 'LBRD', '3424', '', '', '62'),
(15101, '215/60R16', '95V', 'PN', '1711', '', '', '52'),
(15125, '225/55R17', '97T', 'PN', '1665', '', '', '54'),
(15317, '225/45ZR18 XL', '95Y', 'PN', '4964', '', '', '2'),
(15335, '245/45ZR17 DIR ZP', '95Y', 'PN', '5531', '', '', '3'),
(15437, '205/55R16DIR', '91V', 'PN', '2016', '', '', '35'),
(15465, 'LT275/70R18', '125R', 'LBR', '3819', '', '', '46'),
(15466, '245/35ZR19 XL', '93Y', 'PN', '6228', '', '', '2'),
(15525, '225/55ZR16', '95W', 'PN', '2103', '', '', '51'),
(15839, '265/35ZR19 XL BM', '98Y', 'PN', '8346', '', '', '1'),
(15861, '235/60R16', '100H', 'PN', '2589', '', '', '8'),
(15953, 'P215/70R16', '99T', 'LBRD', '2003', '', '', '42'),
(15976, '30x9.50R15', '104Q', 'LBR', '2676', '', '', '47'),
(15981, '245/40ZR17 DIR', '91Y', 'PN', '5153', '', '', '3'),
(15995, '205/60R15', '91V  ', 'PN', '1742', '', '', '13'),
(15999, '255/35ZR18 ZP BM', '90Y', 'PN', '7249', '', '', '5'),
(16002, '285/45R19 BM  ', '107V  ', 'PN', '5645', '', '', '19'),
(16017, '275/55R19   ', '111V  ', 'PN', '5230', '', '', '19'),
(16109, 'P265/60R18   ', '109T  ', 'LBRD', '3905', '', '', '23'),
(16177, '30x9.50R15', '104S', 'LBR', '2778', '', '', '46'),
(16231, '225/50R16 DIR  ', '92H  ', 'PN', '2608', '', '', '12'),
(16270, 'LT285/55R20 DT  ', '122/119R LRE ', 'PN', '5455', '', '', '27'),
(16289, '235/35ZR19 XL', '91Y', 'PN', '5957', '', '', '2'),
(16494, 'P215/60R15', '93T', 'PN', '1224', '', '', '55'),
(16512, '225/55R17', '97T', 'PN', 'N/D', '', '', '37'),
(16529, '195/65R15 DIR  ', '91H  ', 'PN', '1834', '', '', '12'),
(16545, 'P215/45R17', '87V', 'PN', '3775', '', '', '6'),
(16589, 'P265/70R15', '110T', 'PN', '3222', '', '', '62'),
(16592, '255/35ZR19 XL BM', '(96Y)', 'PN', '7225', '', '', '5'),
(16609, '265/30ZR19 XL', '93Y', 'PN', '6905', '', '', '2'),
(16626, '205/50R16DIR', '87H', 'PN', '1912', '', '', '35'),
(16664, 'P215/65R15', '95S', 'LBR', '1297', '', '', '41'),
(16696, 'LT285/70R17 DT  ', '121/118R LRD ', 'LBRD', '4699', '', '', '23'),
(16767, '215/55R16', '97H', 'PN', '2137', '', '', '37'),
(16885, '38x14.50R18', '127P', 'PN', '5411', '', '', '47'),
(16889, '255/40ZR18 DIR', '95Y', 'PN', '5870', '', '', '3'),
(16941, '245/40ZR19 K1 ', '94Y', 'PN', '6413', '', '', '5'),
(17035, '225/55R16', '95V', 'PN', '1887', '', '', '52'),
(17082, '225/55ZR16', '95Y', 'PN', '3057', '', '', '32'),
(17107, '255/45R19 N0 ', '100Y', 'PN', '6620', '', '', '5'),
(17197, 'LT245/75R16', '120/116R', 'LBRD', '2667', '', '', '44'),
(17245, '245/45R20', '99V', 'PN', '4494', '', '', '8'),
(17299, '235/45R17 DIR  ', '94H  ', 'PN', '3357', '', '', '12'),
(17351, '215/55ZR16 DIR', '93W', 'PN', '3495', '', '', '3'),
(17463, 'P225/50ZR16', '91W', 'PN', '3332', '', '', '31'),
(17476, 'P275/60R15', '107S', 'LBR', '1705', '', '', '41'),
(17939, '245/45R17', '95Y', 'PN', '4725', '', '', '7'),
(17970, '275/40ZR17NTDIR', '98Y', 'PN', '4650', '', '', '32'),
(18315, '205/50ZR16DIR', '87W', 'PN', '2306', '', '', '34'),
(18373, 'P255/50R19 AC  ', '103H  ', 'PN', '4214', '', '', '21'),
(18443, 'P215/70R16', '99S', 'LBRD', '1660', '', '', '64'),
(18517, '205/50ZR17 DIR', '89Y', 'PN', '3809', '', '', '3'),
(18569, '205/65R15 DIR  ', '94H  ', 'PN', '1946', '', '', '12'),
(18701, 'P235/65R17', '103T', 'LBRD', '2425', '', '', '42'),
(18880, '205/50R17 DIR  ', '89V  ', 'PN', '2946', '', '', '12'),
(19229, '255/35ZR19 XL M1', '96Y', 'PN', '7225', '', '', '5'),
(19231, 'P175/70R13', '82T', 'PN', '752', '', '', '55'),
(19436, 'P245/70R17   ', '108S  ', 'LBRD', '3273', '', '', '23'),
(19502, '215/75R17.5', 'G', 'PN', ' 5727', '', '', '70'),
(19549, '245/45R18', '96V', 'PN', '3956', '', '', '8'),
(19595, 'LT235/85R16 GX  ', '120R  ', 'LBRD', '3647', '', '', '24'),
(19599, '265/35ZR19 N2 ', '(94Y)', 'PN', '8086', '', '', '5'),
(19605, '315/35ZR20 XL K1', '110Y', 'PN', '8575', '', '', '2'),
(19652, 'P195/60R15DIR', '87T', 'PN', '1326', '', '', '38'),
(19693, '265/50R20   ', '107V  ', 'PN', '5032', '', '', '21'),
(19744, '7.00- 15 ', 'PR6 ', 'PN', '1646', '', '', '88'),
(19761, '175/70R13', '82T', 'PN', '1375.76', '', '', '61'),
(20146, '195/60R15', '88H', 'PN', 'N/D', '', '', '36'),
(20213, '225/50R18', '95W', 'PN', '4664', '', '', '10'),
(20364, 'P185/65R14', '85S', 'PN', '1344', '', '', '18'),
(20679, 'LT265/75R16', '123S', 'LBR', '3062', '', '', '46'),
(20687, 'P265/70R16', '111S', 'LBRD', '2430', '', '', '64'),
(20881, 'LT305/55R20', '121/118Q', 'LBR', '5013', '', '', '47'),
(20950, 'P235/65R18   ', '104S  ', 'LBRD', '3587', '', '', '22'),
(20960, '225/65R17', '102T', 'PN', '3085', '', '', '61'),
(20964, '215/60R16', '95V', 'PN', '2831', '', '', '7'),
(21155, '195/60R14DIR', '86H', 'PN', '1409', '', '', '35'),
(21201, 'P235/55R17', '91H', 'PN', '3352', '', '', '6'),
(21223, '275/45R20 XL AO ', '110Y  ', 'PN', '5176', '', '', '20'),
(21228, '195/55R15DIR', '85V', 'PN', '1727', '', '', '34'),
(21272, 'LT285/75R16 GX  ', '126R  ', 'LBRD', '4394', '', '', '24'),
(21350, '255/50R20 XL  ', '109V  ', 'PN', '4993', '', '', '21'),
(21365, '235/45R17', '94V', 'PN', '4363', '', '', '6'),
(21409, '215/60R15', '94H', 'PN', '1848', '', '', '37'),
(21467, '215/65R17', '99T', 'PN', '2639', '', '', '61'),
(21480, 'LT235/85R16', '120/116R', 'LBRD', '2695', '', '', '44'),
(21491, '235/65R17 MO  ', '104V  ', 'PN', '3534', '', '', '21'),
(21567, 'P265/70R17', '113T', 'LBRD', '2893', '', '', '42'),
(21820, '245/40ZR18 M0 ', '(93Y)', 'PN', '5938', '', '', '5'),
(21863, '265/70R16 GX  ', '112H  ', 'PN', '3830', '', '', '21'),
(21977, '225/40ZR18 XL DIR', '92Y', 'PN', '5288', '', '', '3'),
(22002, '275/35ZR19 XL', '100Y', 'PN', '7040', '', '', '2'),
(22027, 'P235/75R16XL', '109T', 'LBRD', '2448', '', '', '42'),
(22049, 'P265/70R17', '113T', 'LBRD', '2895', '', '', '44'),
(22062, '7.00-16', 'PR6', 'PN', '1832', '', '', '88'),
(22093, 'P275/55R20   ', '111T  ', 'PN', '5090', '', '', '24'),
(22164, '185/60R14', '82H', 'PN', '1157', '', '', '53'),
(22328, '225/60R18', '100H', 'PN', '3103', '', '', '8'),
(22481, 'P185/65R15', '86T  ', 'PN', '1531', '', '', '18'),
(22601, '285/45R19   ', '107V  ', 'PN', '4993', '', '', '21'),
(22606, 'LT245/75R16 120/116R  ', 'LRE  ', 'PN', '3569', '', '', '25'),
(22652, '7.50-17', '10 CAPAS', 'PN', '', '', '', '85'),
(22656, 'LT275/70R18', '125/122Q', 'PN', '3581', '', '', '50'),
(22737, '215/50R17 DIR  ', '91H  ', 'PN', '2720', '', '', '12'),
(22853, '205/50R17XLDIR', '93V', 'PN', '2329', '', '', '35'),
(22873, '225/50R17', '94Y', 'PN', '4016', '', '', '7'),
(22923, '225/50R16', '92V', 'PN', '3161', '', '', '7'),
(22936, '295/35R21 XL N0 ', '107Y  ', 'PN', '6004', '', '', '20'),
(22972, 'P265/70R18', '114T', 'LBRD', '3118', '', '', '44'),
(23005, 'P235/65R17', '103T', 'PN', '3219', '', '', '62'),
(23111, 'P255/70R16   ', '109T  ', 'LBRD', '3366', '', '', '24'),
(23176, '7.50R17', '21.6', 'PN', '2806', '', '', '67'),
(23241, '38x14.50R17', '121Q', 'PN', '5117', '', '', '47'),
(23279, '195/65R15', '91H', 'PN', '1890', '', '', '8'),
(23281, '255/65R16   ', '109H  ', 'PN', '3418', '', '', '21'),
(23388, 'LT265/75R16   ', '123R  ', 'PN', '3926', '', '', '24'),
(23526, 'P215/75R15   ', '100S  ', 'LBRD', '2290', '', '', '25'),
(23595, '255/40ZR17 DIR', '94Y', 'PN', '5422', '', '', '3'),
(23640, '185/60R14DIR', '82H', 'PN', '1329', '', '', '35'),
(23757, '205/55R16', '91H', 'PN', '1562', '', '', '53'),
(23807, '225/55R17', '97V', 'PN', '3659', '', '', '10'),
(23918, '185/60R14', '82H  ', 'PN', '1427', '', '', '13'),
(23930, 'P205/60R15', '90S  ', 'PN', '1776', '', '', '18'),
(23933, '205/60R15', '91H', 'PN', '2060', '', '', '8'),
(24051, 'P235/70R16', '104T', 'PN', '2939', '', '', '62'),
(24076, 'LT305/70R16', '118/115Q', 'LBR', '3973', '', '', '47'),
(24129, 'P245/50R20', '102T', 'PN', 'N/D', '', '', '57'),
(24239, 'P255/75R17', '113T', 'PN', '3744', '', '', '62'),
(24287, '195/65R15', '91H', 'PN', '1307', '', '', '53'),
(24313, '40x14.50R17', '121L', 'PN', '8836', '', '', '49'),
(24338, '245/45ZR18', '96W', 'PN', '2909', '', '', '51'),
(24461, 'P235/65R18', '104T', 'PN', 'N/D', '', '', '57'),
(24556, 'P195/65R15', '89T', 'PN', '1047', '', '', '55'),
(24615, '225/65R16', '100T', 'PN', 'N/D', '', '', '37'),
(24798, '31x10.50R15   ', '109R LRC ', 'LBRD', '3148', '', '', '25'),
(24850, '215/50R17', '91H', 'PN', '2665', '', '', '8'),
(24905, '315/35ZR20   ', '106W  ', 'PN', '6030', '', '', '21'),
(24923, '295/30ZR18 XL N4', '(98Y)', 'PN', '8404', '', '', '5'),
(24970, 'LT315/75R16', '121Q', 'LBR', '4358', '', '', '47'),
(25105, 'LT285/70R17', '121Q', 'LBR', '3676', '', '', '46'),
(25125, 'P265/65R18', '112T', 'LBRD', '3051', '', '', '44'),
(25271, 'LT325/60R22', '123S', 'PN', '5927', '', '', '46'),
(25281, 'P205/60R16', '91T  ', 'PN', '1949', '', '', '18'),
(25343, '225/45R17XLDIR', '94H', 'PN', '2589', '', '', '35'),
(25471, 'P285/70R17', '117T', 'LBRD', '3162', '', '', '44'),
(25516, 'LT225/75R16 115/112R  ', 'LRE  ', 'PN', '3141', '', '', '25'),
(25785, '265/40ZR18 BM ', '97Y', 'PN', '7312', '', '', '5'),
(25797, '225/45ZR18 XL DIR', '95Y', 'PN', '5153', '', '', '3'),
(25842, '215/65R16 GX  ', '98H  ', 'PN', '2497', '', '', '21'),
(25979, 'P265/65R17   ', '110T  ', 'LBRD', '3888', '', '', '24'),
(26029, '225/40ZR18 N3 ', '(88Y)', 'PN', '5368', '', '', '5'),
(26033, '225/65R16', '100T', 'PN', '1467', '', '', '54'),
(26224, '205/55ZR16 DIR', '91Y', 'PN', '3226', '', '', '3'),
(26244, '315/25ZR20 XL DT', '99Y', 'PN', '10777', '', '', '1'),
(26308, '205/50R17XL', '93V', 'PN', '1927', '', '', '52'),
(26341, '265/40ZR18 XL N4', '(101Y)', 'PN', '7024', '', '', '5'),
(26379, '205/60R16', '92T', 'PN', 'N/D', '', '', '37'),
(26444, '33x10.50R15DT', '114T', 'PN', '5275', '', '', '48'),
(26469, '225/55R16DIR', '95H', 'PN', '1954', '', '', '35'),
(26613, 'P215/70R15', '97S', 'LBR', '1295', '', '', '41'),
(26619, 'P245/60R18   ', '104H  ', 'PN', '3841', '', '', '21'),
(26627, '265/35ZR18 XL DIR', '97Y', 'PN', '6497', '', '', '3'),
(26669, '255/55R18 XL N0 ', '109V  ', 'PN', '4339', '', '', '21'),
(26763, 'P255/65R16', '106S', 'LBRD', '2124', '', '', '56'),
(26795, 'LT275/65R17', '121S', 'LBR', '3342', '', '', '46'),
(26926, '225/65R17', '102T', 'PN', 'N/D', '', '', '37'),
(27025, 'P255/70R18', '112T', 'LBRD', '2984', '', '', '44'),
(27039, 'LT235/80R17', '120R', 'LBR', '2897', '', '', '46'),
(27111, '245/40R17', '91W', 'PN', '4871', '', '', '7'),
(27133, 'P215/75R16', '101T', 'LBRD', '2069', '', '', '42'),
(27200, '205/55R16', '91H', 'PN', '1961', '', '', '37'),
(27209, '255/50R19 BM  ', '103V  ', 'PN', '4909', '', '', '19'),
(27260, '235/55R17', '99H  ', 'PN', '3352', '', '', '19'),
(27396, '215/55ZR16', '93W', 'PN', '1991', '', '', '51'),
(27497, '215/55R17', '94V', 'PN', '3100', '', '', '61'),
(27549, '205/60R15 DIR  ', '91H  ', 'PN', '1907', '', '', '12'),
(27863, '205/60R16', '92V', 'PN', '1625', '', '', '52'),
(27971, 'P265/60R18NI', '109T', 'PN', '2714', '', '', '43'),
(27983, '11R24.5', 'G', 'PN', '11662', '', '', '81'),
(28008, '215/55R16', '93V', 'PN', '2913', '', '', '7'),
(28072, 'P155/80R13', '79S', 'PB', '696', '', '', '55'),
(28139, '215/50R17', '91V', 'PN', '1941', '', '', '52'),
(28341, 'P275/55R20', '111T', 'PN', '3496', '', '', '44'),
(28360, '215/65R15', '96T', 'PN', '269', '', '', '61'),
(28435, 'P215/70R14', '96T', 'PB', '1034', '', '', '55'),
(28459, '35x12.50R18', '118Q', 'LBR', '4706', '', '', '47'),
(28478, 'P255/65R17', '108S', 'LBRD', '2307', '', '', '56'),
(28531, 'P275/55R20', '111T', 'PN', '3493', '', '', '42'),
(28579, '225/40ZR18 ZP ', '88W', 'PN', '5852', '', '', '5'),
(28630, '185/60R14', '82H', 'PN', 'N/D', '', '', '36'),
(28653, 'P185/70R14', '87T', 'PN', '1204', '', '', '37'),
(28703, '225/75R16 GX  ', '118/116R  ', 'PN', '2634', '', '', '27'),
(28798, '295/80R22.5', 'J', 'PN', '11246', '', '', '79'),
(28909, 'P235/70R16 ', '104S  ', 'LBRD', '2628', '', '', '23'),
(29192, '205/55R16 DIR  ', '91H  ', 'PN', '2110', '', '', '12'),
(29274, 'LT235/75R15', '104S', 'LBR', '2229', '', '', '46'),
(29299, '215/60R16 DIR  ', '95H  ', 'PN', '2351', '', '', '12'),
(29319, '255/35ZR18 XL DIR', '94Y', 'PN', '6229', '', '', '3'),
(29325, 'P215/70R15', '97T  ', 'PN', '1699', '', '', '18'),
(29328, '7.50-17', '18 CAPAS', 'PN', '000000', '', '', '91'),
(29446, 'LT245/75R17', '121/118Q', 'LBR', '3147', '', '', '47'),
(29509, 'P235/60R17', '100T', 'PN', '2359', '', '', '42'),
(29636, '325/30ZR19 DT N2', '101Y', 'PN', '9622', '', '', '1'),
(29697, 'P225/60R17 DIR', '98T  ', 'PN', '2750', '', '', '15'),
(29757, '185/60R15', '84H  ', 'PN', '1570', '', '', '13'),
(29849, '285/60R18 XL  ', '120V  ', 'PN', '4828', '', '', '21'),
(29909, 'P235/70R16', '104T', 'LBRD', '2270', '', '', '42'),
(29951, 'P225/60R16', '97T', 'PN', '1460', '', '', '55'),
(29964, '245/40ZR18/XL GX AO', '97Y', 'PN', '6181', '', '', '4'),
(30005, '225/50ZR16NTDIR', '92Y', 'PN', '3154', '', '', '32'),
(30080, 'P235/65R18', '104T', 'PN', '2648', '', '', '42'),
(30137, '225/60R16', '98V', 'PN', '2852', '', '', '8'),
(30261, 'P195/65R14', '88S', 'PN', '1435', '', '', '18'),
(30278, '245/40ZR19  ', '94Y', 'PN', '6413', '', '', '5'),
(30387, '185/65R14', '86H  ', 'PN', '1385', '', '', '13'),
(30469, '40x14.50R18', '123P', 'PN', '5764', '', '', '47'),
(30475, '235/65R17 MO  ', '104H  ', 'PN', '3342', '', '', '21'),
(30536, 'P275/60R17', '110T', 'LBRD', '2893', '', '', '42'),
(30537, '33x12.50R16.5', '118R', 'LBR', '3920', '', '', '46'),
(30574, '455/55R22.5', 'L', 'PN', '19392', '', '', '80'),
(30639, 'LT255/85R16', '123/120Q', 'LBR', '3227', '', '', '47'),
(30673, '225/50R17', '94V', 'PN', '2033', '', '', '52'),
(30710, 'LT285/55R20', '117T', 'LBR', '4329', '', '', '46'),
(30718, 'P235/70R17XL', '108T', 'PN', '2603', '', '', '42'),
(30799, 'P225/65R17   ', '100T  ', 'PN', '3147', '', '', '22'),
(30830, '205/60R15DIR', '91V', 'PN', '1779', '', '', '34'),
(30836, 'LT305/55R20', '121S', 'LBR', '4774', '', '', '46'),
(31073, '315/35R20 BM  ', '106W  ', 'PN', '6971', '', '', '19'),
(31097, 'P265/70R15', '110T', 'LBRD', '2450', '', '', '44'),
(31156, '215/65R16', '98T', 'PN', '1301', '', '', '55'),
(31202, '9.00 - 20', '12 CAPAS', 'PN', '4589', '', '', '85'),
(31353, '255/40ZR19/XL GX MO', '100Y', 'PN', '7170', '', '', '4'),
(31469, '255/55R18 XL ZP ', '109H  ', 'PN', '4724', '', '', '21'),
(31489, 'LT305/60R18', '121/118Q', 'LBR', '4420', '', '', '47'),
(31514, 'P235/60R18', '102T', 'PN', 'N/D', '', '', '57'),
(31535, '455/55R22.5', 'L', 'PN', '22077', '', '', '73'),
(31567, '255/35ZR19 XL', '96Y', 'PN', '6499', '', '', '2'),
(31575, 'P205/50ZR15', '84W', 'PN', '2731', '', '', '31'),
(31599, '185/60R15', '84T', 'PN', '1688', '', '', '61'),
(31608, 'LT285/75R16', '126/123R', 'LBRD', '3229', '', '', '44'),
(31617, '205/40ZR17XL', '84W', 'PN', '2334', '', '', '51'),
(31653, 'P245/70R17', '108T', 'LBRD', '2626', '', '', '42'),
(31675, 'P225/75R16', '104T', 'LBRD', '2876', '', '', '62'),
(31717, 'P275/55R18', '109T', 'PN', '3720', '', '', '62'),
(31724, 'P215/70R16', '99T', 'PN', 'N/D', '', '', '57'),
(31733, 'LT245/75R17 GX  ', '121R  ', 'PN', '3863', '', '', '24'),
(31796, '205/60R16', '92H  ', 'PN', '2003', '', '', '13'),
(31847, 'LT275/65R18', '123/120R', 'LBRD', '3407', '', '', '44'),
(32131, 'P245/65R17', '105T', 'LBRD', '2559', '', '', '42'),
(32201, 'P185/70R14', '87S', 'PN', '1325', '', '', '18'),
(32229, '215/65R16', '98T  ', 'PN', '1836', '', '', '18'),
(32352, '205/55R16DIR', '91H', 'PN', '1794', '', '', '35'),
(32374, '33x9.50R15', '113R', 'LBR', '3299', '', '', '46'),
(32378, 'P255/70R16', '109T', 'LBRD', '2537', '', '', '42'),
(32459, 'P215/75R15', '100T', 'LBRD', '1847', '', '', '42'),
(32537, 'LT285/75R16', '126/123Q', 'LBR', '3705', '', '', '47'),
(32611, '275/35ZR18 ZP ', '95Y', 'PN', '7960', '', '', '5'),
(32707, '205/65R15', '94H', 'PN', '1703', '', '', '37'),
(32737, '205/65R15', '94T', 'PN', '1879', '', '', '61'),
(32927, '215/60R15', '94H', 'PN', '1481', '', '', '53'),
(32945, 'P185/65R14', '85T', 'PN', '895', '', '', '55'),
(33075, 'P245/50R17', '98V', 'PN', '4216', '', '', '6'),
(33207, '245/50ZR16', '97W', 'PN', '2411', '', '', '51'),
(33284, 'P225/50R17', '93V', 'PN', '3764', '', '', '6'),
(33393, 'LT305/70R16', '124R', 'LBR', '3694', '', '', '46'),
(33445, '215/55R16', '93H', 'PN', '1631', '', '', '53'),
(33471, 'P215/70R15', '97T', 'PB', '1160', '', '', '55'),
(33477, '265/35ZR18 N3 ', '(93Y)', 'PN', '6650', '', '', '5'),
(33774, 'LT285/65R20', '127S', 'LBR', '4576', '', '', '46'),
(33841, '215/60R16   ', '103/101T  ', 'PN', '2354', '', '', '27'),
(33858, 'P235/75R16 XL  ', '109T  ', 'LBRD', '3206', '', '', '24'),
(34067, 'P175/70R13', '82T', 'PN', '1069', '', '', '18'),
(34143, 'LT325/60R20', '121Q', 'LBR', '5361', '', '', '47'),
(34162, 'LT245/70R17', '119R', 'LBR', '2897', '', '', '46'),
(34331, 'P235/55R18', '99V', 'PN', '4506', '', '', '6'),
(34424, 'LT305/65R17', '121/118Q', 'LBR', '4216', '', '', '47'),
(34489, 'P275/70R16', '114T', 'LBRD', '2806', '', '', '44'),
(34527, 'P265/35ZR18LL', '85W', 'PN', '5673', '', '', '31'),
(34531, 'P205/70R14', '93S', 'PN', '1449', '', '', '18'),
(34557, 'LT195/75R14', '99R', 'LBR', '1593', '', '', '46'),
(34594, '275/40ZR17', '98W', 'PN', '3131', '', '', '51'),
(34615, '225/50ZR17 DIR', '94W', 'PN', '4347', '', '', '3'),
(34623, '295/40R22 XL  ', '112V  ', 'PN', '6453', '', '', '21'),
(34639, '265/35ZR18 XL', '97Y', 'PN', '6318', '', '', '2'),
(34657, 'P225/65R17', '100T', 'PN', '3013', '', '', '62'),
(34670, '245/40ZR17', '91W', 'PN', '2767', '', '', '51'),
(34949, 'P235/75R17', '108T', 'PN', '2559', '', '', '42'),
(35177, 'P245/70R16   ', '106T  ', 'LBRD', '3126', '', '', '24'),
(35223, 'P255/70R16', '109T', 'LBRD', '3383', '', '', '62'),
(35237, 'LT305/65R18', '124R', 'LBR', '4183', '', '', '46'),
(35261, 'P235/75R16XL', '109T', 'LBRD', '2450', '', '', '44'),
(35345, '245/45ZR17 DIR', '95Y', 'PN', '5019', '', '', '3'),
(35551, 'P245/65R17 HO  ', '105T  ', 'PN', '3367', '', '', '25'),
(35646, '275/40ZR18', '99W', 'PN', '3333', '', '', '51'),
(35707, 'P175/70R14', '84S', 'PN', '1292', '', '', '18'),
(35737, 'LT255/80R17', '121/118Q', 'LBR', '3506', '', '', '47'),
(35797, 'P265/70R18', '114T', 'PN', '4280', '', '', '62'),
(35845, 'P235/45R18', '94V', 'PN', '4692', '', '', '6'),
(35867, '225/60R15 DIR  ', '96V  ', 'PN', '2848', '', '', '12'),
(35959, 'LT325/50R22', '122S', 'PN', '5730', '', '', '46'),
(35961, 'P235/75R15 XL  ', '108S  ', 'LBRD', '2518', '', '', '23'),
(36093, 'LT245/70R17', '119/116Q', 'PN', '2798', '', '', '50'),
(36210, 'P235/75R15   ', '108T  ', 'LBRD', '2806', '', '', '24'),
(36243, '195/60R14', '86H', 'PN', '1226', '', '', '53'),
(36385, 'P215/70R15', '97T', 'PN', '1233', '', '', '54'),
(36429, 'P275/60R20   ', '114S  ', 'PN', '5035', '', '', '27'),
(36597, '205/55R16', '91H', 'PN', '2306', '', '', '8'),
(36630, 'LT215/75R15', '100/97Q', 'LBR', '1803', '', '', '47'),
(36767, '175/65R14', '82H  ', 'PN', '1272', '', '', '13'),
(36771, '225/55R16 DIR  ', '95H  ', 'PN', '2473', '', '', '12'),
(36773, '275/45R20 XL ', '110Y', 'PN', '8278', '', '', '5'),
(36806, 'P265/70R17', '113T', 'PN', '3938', '', '', '62'),
(36814, '245/40ZR19 XL', '98Y', 'PN', '6093', '', '', '2'),
(36849, '255/55R19 XL GX ', '111V  ', 'PN', '4724', '', '', '21'),
(36952, 'P225/55R18 DIR', '97T  ', 'PN', '3099', '', '', '15'),
(37060, '255/45ZR18 DIR', '99Y', 'PN', '5736', '', '', '3'),
(37073, '235/55R17', '99H', 'PN', '1886', '', '', '53'),
(37157, 'P205/70R14', '93S', 'LBR', '1129', '', '', '41'),
(37246, '205/55R16 VW', '91V  ', 'PN', '2274', '', '', '13'),
(37257, '275/55R17   ', '109V  ', 'PN', '4225', '', '', '21'),
(37288, '10-15', 'PR6', 'PN', '1890', '', '', '88'),
(37359, '225/50ZR18 XL', '99Y', 'PN', '4829', '', '', '2'),
(37429, '195/60R15', '88V', 'PN', '2127', '', '', '8'),
(37503, '205/75R14   ', '109/107Q  ', 'PN', '2295', '', '', '27'),
(37566, '205/50R16 DIR  ', '87V  ', 'PN', '2651', '', '', '12'),
(37751, '275/40R20 XL N1 ', '106Y  ', 'PN', '5728', '', '', '19'),
(37760, '215/55R18', '95T', 'PN', '2556', '', '', '61'),
(37869, '235/50ZR18 DIR', '97Y', 'PN', '5064', '', '', '3'),
(38179, '235/60R17', '102T', 'PN', '1702', '', '', '54'),
(38335, '225/50R17', '94T', 'PN', '3558', '', '', '61'),
(38371, '35x12.50R17', '119Q', 'LBR', '4411', '', '', '47'),
(38527, '225/60R18', '100H', 'PN', '2427', '', '', '37'),
(38540, '175/70R14', '84T', 'PN', '1436', '', '', '61'),
(38545, '215/60R17', '96T', 'PN', '2721', '', '', '61'),
(38635, '195/60R15', '88H', 'PN', '1342', '', '', '53'),
(38748, '235/55ZR17', '99W', 'PN', '2437', '', '', '51'),
(38842, '225/50ZR16', '92W', 'PN', '2160', '', '', '51'),
(38851, '205/65R16', '95H', 'PN', '2192', '', '', '8'),
(38861, '225/45ZR18 XL BM', '95Y', 'PN', '5463', '', '', '5'),
(38889, '215/55R17', '94H', 'PN', '2608', '', '', '8'),
(38941, 'LT325/60R20', '126R', 'LBR', '5119', '', '', '46'),
(39078, '185/65R15', '88H', 'PN', '1614', '', '', '89'),
(39097, '215/50R17XL', '93V', 'PN', '3552', '', '', '10'),
(39098, '7.00- 15', 'PR8', 'PN', '1723', '', '', '88'),
(39113, 'P245/75R16', '109T', 'LBRD', '3262', '', '', '62'),
(39121, '215/50R15DIR', '88V', 'PN', '1986', '', '', '34'),
(39131, 'P265/65R17', '110T', 'LBRD', '2828', '', '', '44'),
(39139, '235/50ZR17 DIR', '96W', 'PN', '4615', '', '', '3'),
(39143, '37x12.50R20', '120Q', 'LBR', '5647', '', '', '47'),
(39214, '225/50ZR16 DIR', '92Y', 'PN', '3898', '', '', '3'),
(39293, 'P235/75R16XL', '109S', 'LBRD', '1870', '', '', '64'),
(39347, '205/65R15', '94H', 'PN', '1377', '', '', '53'),
(39484, '215/60R16', '95V', 'PN', '2065', '', '', '37'),
(39550, '38x14.50R20', '124P', 'PN', '5999', '', '', '47'),
(39551, 'LT235/85R16', '120/116Q', 'LBR', '2749', '', '', '47'),
(39575, '205/55R16', '91T', 'PN', '1393', '', '', '54'),
(39679, '205/45ZR16 ', '83W', 'PN', '2434', '', '', '90'),
(39741, 'P245/70R17', '108T', 'LBRD', '2628', '', '', '44'),
(39746, '7.00-14', 'PR8', 'PN', '$1,203.00', '', '', '88'),
(39781, 'LT275/65R20', '126/123R', 'LBRD', '3853', '', '', '44'),
(39825, 'P255/70R16   ', '109S  ', 'LBRD', '3105', '', '', '23'),
(39895, '235/60R16', '100H', 'PN', '1736', '', '', '53'),
(39925, '37x12.50R18', '123R', 'LBR', '5251', '', '', '46'),
(39978, '205/50ZR17', '89W', 'PN', '2122', '', '', '51'),
(40065, 'P235/65R17', '103T', 'PN', 'N/D', '', '', '57'),
(40190, '215/45R17XLNTDIR', '91Y', 'PN', '3382', '', '', '32'),
(40200, '315/80R22.5', 'L', 'PN', '15675', '', '', '74'),
(40263, 'P275/60R20', '114T', 'PN', '3563', '', '', '44'),
(40292, 'P185/65R14', '85T', 'PN', '981', '', '', '54'),
(40312, '11.00 - 20', '14 CAPAS', 'PN', '6020', '', '', '86'),
(40321, '425/65 R 22.5', 'K', 'PN', '18662', '', '', '74'),
(40365, '275/40ZR19/XL GX MO', '105Y', 'PN', '7912', '', '', '4'),
(40433, 'P205/70R15 DIR', '95T  ', 'PN', '1841', '', '', '15'),
(41008, 'P205/55R16 DIR', '89T  ', 'PN', '2190', '', '', '15'),
(41164, 'P225/60R16', '97T', 'PN', '1682', '', '', '39'),
(41526, '305/30ZR19 XL N2', '(102Y)', 'PN', '8645', '', '', '5'),
(41881, 'P225/75R15', '102T', 'LBRD', '1980', '', '', '42'),
(41968, 'P205/75R15', '97S', 'LBRD', '1281', '', '', '64'),
(42014, '215/70R16', '100R', 'LBR', '1976', '', '', '46'),
(42196, 'P275/35ZR18 DIR ZP C1', '87Y', 'PN', '7488', '', '', '63'),
(42459, 'P235/65R16', '101T', 'PN', 'N/D', '', '', '57'),
(42614, 'LT285/65R18 DT  ', '125/122R LRE ', 'LBRD', '4993', '', '', '23'),
(42622, '205/55R16', '91H', 'PN', '2298', '', '', '61'),
(42637, 'LT265/70R16', '117S', 'LBR', '2963', '', '', '46'),
(42699, 'P205/60R16', '91V', 'PN', '2534', '', '', '9'),
(42770, 'LT265/75R16', '123/120Q', 'LBRD', '2407', '', '', '64'),
(42877, '295/25ZR20 XL', '95Y', 'PN', '8304', '', '', '2'),
(43008, '295/35ZR18  ', '99Y', 'PN', '7969', '', '', '5'),
(43086, 'P205/65R15', '92T', 'PN', '1690', '', '', '17'),
(43199, '225/40ZR18 XL', '92Y', 'PN', '5100', '', '', '2'),
(43428, 'P275/70R16   ', '114S  ', 'PN', '3737', '', '', '25'),
(43478, 'P265/70R16', '111S', 'LBRD', '2289', '', '', '56'),
(43577, 'P245/50R20   ', '102H  ', 'PN', '4376', '', '', '21'),
(43666, 'LT235/85R16', '120/116Q', 'LBRD', '2188', '', '', '64'),
(43792, 'P335/30ZR18LL', '95W', 'PN', '7466', '', '', '31'),
(44124, '215/70R15', '98T', 'PN', '1919', '', '', '61'),
(44287, '205/45ZR17XLNTDIR', '88Y', 'PN', '3187', '', '', '32'),
(44288, 'P245/45ZR16LL', '88W', 'PN', '3741', '', '', '31'),
(44690, '35x13.50R15', '114L', 'PN', '5775', '', '', '49'),
(44847, 'P215/75R15', '100S', 'LBRD', '1611', '', '', '56'),
(45241, 'P245/65R17', '105S', 'LBRD', '2197', '', '', '56'),
(45327, '255/35ZR18 XL ', '94Y', 'PN', '6658', '', '', '5'),
(45737, '245/40ZR17 XL', '95Y', 'PN', '5190', '', '', '2'),
(45738, '33x12.50R15', '108Q', 'LBR', '3470', '', '', '47'),
(45834, 'P175/70R13', '82S', 'LBR', '882', '', '', '41'),
(45852, 'LT315/75R16', '113T', 'PN', '6204', '', '', '48'),
(45879, 'LT235/85R16', '120/116Q', 'PN', '2602', '', '', '50'),
(45905, '31x10.50R15', '109Q', 'LBRD', '2595', '', '', '64'),
(46255, 'P185/65R15', '86T', 'PN', '1082', '', '', '54'),
(46501, '215/65R16DIR', '98T', 'PN', '1564', '', '', '38'),
(46510, 'LT245/75R16', '120/116Q', 'PN', '2154', '', '', '65'),
(46556, 'P235/70R15', '102S', 'LBRD', '1776', '', '', '56'),
(46656, '235/60R16', '100T', 'PN', '1578', '', '', '54'),
(46677, 'P215/55R16 DIR', '91T  ', 'PN', '2357', '', '', '15'),
(46695, '11R24.5', 'H', 'PN', '10141', '', '', '76'),
(46710, 'P205/55R16', '89T', 'PN', '1647', '', '', '39'),
(46785, '275/35ZR18NTDIR', '95Y', 'PN', '5073', '', '', '32'),
(46850, '215/50R17', '95V', 'PN', '2474', '', '', '37'),
(47005, 'P285/30ZR18LL', '86W', 'PN', '5936', '', '', '31'),
(47509, '205/50ZR16', '87W', 'PN', '1934', '', '', '51'),
(47951, '12R24.5', 'H', 'PN', '12763', '', '', '74'),
(48079, 'P225/70R15   ', '100S  ', 'LBRD', '2391', '', '', '25'),
(48085, '185/65R14', '86H', 'PN', 'N/D', '', '', '36'),
(48205, '275/40R20 BM  ', '102W  ', 'PN', '5940', '', '', '19'),
(48403, 'P195/75R14', '92S', 'PB', '925', '', '', '55'),
(48617, 'P175/70R13', '82S', 'PN', '941', '', '', '40'),
(48661, '185R14', 'LRD', 'PN', '1312', '', '', '59'),
(48747, '295/25ZR21 XL', '96Y', 'PN', '8755', '', '', '2'),
(48852, 'P225/60R16 DIR', '97T  ', 'PN', '2387', '', '', '15'),
(48905, '215/65R16', '98T', 'PN', '2040', '', '', '61'),
(49121, 'P225/45ZR17LL', '84W', 'PN', '3687', '', '', '31'),
(49244, '35x12.50R17', '111T', 'PN', '7092', '', '', '48'),
(49256, 'P225/50R15NTDIR', '', 'PN', '2901', '', '', '30'),
(49336, '235/50ZR18NTDIR', '97Y', 'PN', '4000', '', '', '32'),
(49407, '255/35ZR20TTDIR', '93Y', 'PN', '5333', '', '', '32'),
(49472, '225/45ZR18XL', '95W', 'PN', '2767', '', '', '51'),
(49713, 'LT245/75R17', '121/118Q', 'PN', '2882', '', '', '50'),
(49774, '35x12.50R15', '113Q', 'LBR', '3873', '', '', '46'),
(49827, 'LT235/85R16', '120/116Q', 'PN', '2154', '', '', '58'),
(49877, 'P195/70R14 DIR', '90T  ', 'PN', '1560', '', '', '15'),
(50207, '225/40ZR18XL', '92W', 'PN', '2828', '', '', '51'),
(50260, 'P245/40R17LL', '86W', 'PN', '4097', '', '', '31'),
(50519, '215/40ZR17DIR', '83W', 'PN', '2956', '', '', '34'),
(50614, '275/80R22.5', 'L', 'PN', '7661', '', '', '82'),
(50800, 'P195/60R14', '85T', 'PN', '1072', '', '', '54'),
(50991, '245/60R17 XL', '108T  ', 'PB', '3365', '', '', '14'),
(51032, '235/40ZR18 DIR', '91Y', 'PN', '5332', '', '', '3'),
(51157, '245/40ZR18DIR', '93W', 'PN', '3549', '', '', '34'),
(51212, 'P205/70R15', '95T', 'PN', '1296', '', '', '39'),
(51440, '205/60R15', '91T', 'PN', '2131', '', '', '61'),
(51587, 'P205/70R15', '95S', 'PB', '1627', '', '', '17'),
(51716, '37x12.50R17', '116L', 'PN', '7450', '', '', '49'),
(51820, 'P255/55R18', '104V', 'PN', '5393', '', '', '6'),
(52430, 'P205/65R15', '92T', 'PN', '1203', '', '', '54'),
(52599, 'P185/65R14 DIR', '85T  ', 'PN', '1527', '', '', '15'),
(53580, '235/40ZR17XLNTDIR', '94Y', 'PN', '3870', '', '', '32'),
(53779, '385/65 R 22.5', 'J', 'PN', '16687', '', '', '74'),
(53827, '235/40ZR18', '91Y', 'PN', '5926', '', '', '1'),
(53860, 'P245/70R16', '106T', 'LBRD', '2405', '', '', '44'),
(53931, 'P325/50R15TTDIR', '', 'PN', '4704', '', '', '30'),
(54003, '235/60R15TTDIR', '', 'PN', '2901', '', '', '30'),
(54142, 'LT315/70R17', '121R', 'PN', '4156', '', '', '46'),
(54158, '235/60R18 AO  ', '103W  ', 'PN', '3413', '', '', '20'),
(54458, 'P225/45R17NTDIR', '', 'PN', '3568', '', '', '30'),
(54462, 'P275/60R15TTDIR', '', 'PN', '3597', '', '', '30'),
(54549, '245/40ZR18 BM ', '93Y', 'PN', '5938', '', '', '5'),
(54699, '7.50-16', 'PR10', 'PN', '2188', '', '', '88'),
(54723, '245/45R18DIR', '96V', 'PN', '2956', '', '', '35'),
(54909, '305/30ZR19 XL DT N0', '102Y', 'PN', '9429', '', '', '1'),
(54986, 'P205/60R13', '86S', 'LBR', '1094', '', '', '41'),
(55069, '215/45ZR17 XL', '91W', 'PN', '3580', '', '', '11'),
(55086, 'LT265/70R17', '121R', 'LBR', '3293', '', '', '46'),
(55162, 'P235/60R16', '99T', 'PN', 'N/D', '', '', '57'),
(55332, 'P265/65R17   ', '110S  ', 'PN', '3902', '', '', '22'),
(55341, '255/45ZR17DIR', '98W', 'PN', '3403', '', '', '34'),
(55408, 'P245/75R16', '109S', 'LBRD', '2124', '', '', '56'),
(55652, '195/65R15', '91V  ', 'PN', '1598', '', '', '13'),
(55810, 'LT245/75R16', '120/116Q', 'PN', '2154', '', '', '58'),
(55817, '11.00 - 22', '14 CAPAS', 'PN', '6199', '', '', '86'),
(55942, 'LT285/70R17', '121/118R', 'LBRD', '3385', '', '', '44'),
(56149, '35x12.50R16.5', '123R', 'LBR', '4319', '', '', '46'),
(56214, '285/35R22   ', '102W  ', 'PN', '6759', '', '', '19'),
(56768, 'P235/55R16DIR', '96T', 'PN', '1789', '', '', '38'),
(57669, 'LT235/75R15', '104/101Q', 'LBRD', '1837', '', '', '64'),
(57931, 'P255/60R15', '102S', 'LBR', '1754', '', '', '41'),
(58028, '225/60R16', '98V', 'PN', '2182', '', '', '37'),
(58071, '235/65R17', '104H', 'PN', '3450', '', '', '9'),
(58378, '305/35R24XLNTDIR', '112W', 'PN', '7515', '', '', '32'),
(58541, 'P225/70R15', '100S', 'LBR', '1530', '', '', '41'),
(58544, 'P205/65R16 DIR', '94T  ', 'PN', '2101', '', '', '15'),
(58787, 'P185/75R14', '89S', 'PB', '850', '', '', '55'),
(58906, '195/70R14', '91T', 'PN', '1531', '', '', '61'),
(58949, '235/55R17', '99T', 'PN', '3190', '', '', '61'),
(59152, '255/55R18 XL  ', '109V  ', 'PN', '4470', '', '', '19'),
(59382, 'P255/70R16', '109S', 'LBRD', '2179', '', '', '56'),
(59608, 'P195/65R15', '89T', 'PN', '1142', '', '', '54'),
(59767, 'P195/60R15', '87T', 'PN', '1173', '', '', '54'),
(59857, '285/30ZR20 XL ', '99Y', 'PN', '9231', '', '', '5'),
(59876, 'P265/70R16', '111T', 'LBRD', '2672', '', '', '44'),
(60041, 'P215/70R16   ', '99S  ', 'LBRD', '2525', '', '', '25'),
(60044, 'P255/65R17 NT F ', '108H  ', 'PN', '3713', '', '', '26'),
(60418, '205/70R15', '96T', 'PN', '1931', '', '', '61'),
(60429, '225/60R18   ', '100H  ', 'PN', '3322', '', '', '21'),
(60440, '205/55R16ZP', '91V', 'PN', '3161', '', '', '7'),
(60480, '265/35ZR18', '93Y', 'PN', '7356', '', '', '1'),
(60721, '305/30ZR19 XL', '102Y', 'PN', '7988', '', '', '2'),
(60779, '225/45ZR17XL', '94W', 'PN', '2565', '', '', '51'),
(60905, 'P225/50R17', '93V', 'PN', '3519', '', '', '9'),
(61107, '32x11.50R15', '113R', 'LBR', '3309', '', '', '46'),
(61144, 'P235/60R14', '96S', 'LBR', '1341', '', '', '41'),
(61446, 'P225/50ZR15', '90W', 'PN', '3059', '', '', '31'),
(61737, '255/70R22.5*', 'H', 'PN', '8756', '', '', '72'),
(61840, '215/65R17', '99T', 'PN', 'N/D', '', '', '37'),
(61972, '225/40R18XLNTDIR', '92Y', 'PN', '4000', '', '', '32'),
(62128, '215/45ZR17DIR', '87W', 'PN', '2865', '', '', '34'),
(62191, 'P175/65R14', '81T', 'PN', '920', '', '', '54'),
(62471, '295/30ZR19 XL N2', '(100Y)', 'PN', '8360', '', '', '5'),
(62794, 'P235/60R17', '100T', 'PN', 'N/D', '', '', '57'),
(62865, '195/50R15', '82V', 'PN', '2256', '', '', '11'),
(62996, 'LT215/85R16', '115/112Q', 'PN', '1923', '', '', '58'),
(63007, 'P195/60R15', '87T  ', 'PN', '1721', '', '', '18'),
(63035, 'P255/45ZR18', '99W', 'PN', '5740', '', '', '6'),
(63067, '275/50R20   ', '109W  ', 'PN', '5785', '', '', '19'),
(63159, '215/50ZR17', '91W', 'PN', '2235', '', '', '51'),
(63248, '235/45ZR17 XL', '99Y', 'PN', '4784', '', '', '2'),
(63300, '275/35ZR20TTDIR', '98Y', 'PN', '5724', '', '', '32'),
(63381, '245/40R20', '95Y', 'PN', '6370', '', '', '66'),
(63503, '235/45R17', '94Y', 'PN', '4433', '', '', '7'),
(63540, '33x10.50R15', '114R', 'LBR', '3419', '', '', '46'),
(63776, '225/65R17', '102T', 'PN', '1591', '', '', '54'),
(63973, '225/35ZR19 XL', '88Y', 'PN', '5686', '', '', '2'),
(64077, 'P215/70R14', '96S', 'LBR', '1226', '', '', '41'),
(64150, 'P345/30R18LLNTDIR', '', 'PN', '7287', '', '', '30'),
(64360, 'P255/70R18 NT  ', '112T  ', 'PN', '4010', '', '', '26'),
(64444, '225/55R17', '91T', 'PN', '3043', '', '', '61'),
(64568, 'P275/40ZR17LL', '93W', 'PN', '4801', '', '', '31'),
(64765, '245/50R18', '100W', 'PN', '5049', '', '', '66'),
(64935, '225/65R17', '102T', 'PN', 'N/D', '', '', '57'),
(64952, 'P235/70R16', '104T', 'PN', '2272', '', '', '44'),
(65211, 'P235/50R17', '95V', 'PN', '4016', '', '', '6'),
(65276, '255/55R18 MO  ', '105H  ', 'PN', '3930', '', '', '21'),
(65562, '265/30ZR19 DT BM', '89Y', 'PN', '8241', '', '', '1'),
(65644, '235/40ZR18DIR', '91W', 'PN', '3441', '', '', '34'),
(65659, 'P195/70R14', '90T', 'PN', '1011', '', '', '54'),
(65734, 'P225/65R17', '102T', 'LBRD', '2292', '', '', '42'),
(66126, 'P235/65R17', '103T', 'PN', '2502', '', '', '8'),
(66313, '215/55R16XL', '97H', 'PN', '2940', '', '', '10'),
(66724, 'P155/80R15', '83S', 'PN', '710', '', '', '55'),
(66785, '225/40ZR18DIR', '88W', 'PN', '3267', '', '', '34'),
(66834, 'P185/65R14', '85T', 'PN', '1078', '', '', '39'),
(67012, 'P235/60R18', '102T', 'PN', '2736', '', '', '8'),
(67118, 'P225/70R15', '100T', 'LBRD', 'N/D', '', '', '57'),
(67251, '305/75R24.5', 'J', 'PN', '11987', '', '', '70'),
(67379, '225/45ZR17NTDIR', '90Y', 'PN', '3577', '', '', '32'),
(67425, '265/60R18 MO  ', '110H  ', 'PN', '4302', '', '', '21'),
(67433, 'P225/70R14', '98S', 'LBRD', '1267', '', '', '64'),
(67439, 'P215/60R14', '91S', 'LBR', '1237', '', '', '41'),
(67553, 'LT285/65R18', '125R', 'LBR', '3918', '', '', '46'),
(67782, '285/35ZR22XLNTDIR', '106W', 'PN', '5986', '', '', '32'),
(67844, 'P225/60R17', '98T  ', 'PN', '3108', '', '', '14'),
(67990, 'P215/65R16', '96T', 'PN', '1920', '', '', '17'),
(68045, '11 R 22.5', 'H', 'PN', '7859', '', '', '82'),
(68126, 'P195/60R15 DIR', '87T  ', 'PN', '1944', '', '', '15'),
(68399, 'P175/70R13', '82T', 'PN', '789', '', '', '54'),
(68581, 'P225/60R14', '94S', 'LBR', '1288', '', '', '41'),
(68638, '245/40ZR18', '93W', 'PN', '2969', '', '', '51'),
(68737, 'P225/75R15', '102S', 'LBRD', '1721', '', '', '56'),
(68815, '245/40ZR18NTDIR', '93Y', 'PN', '4205', '', '', '32'),
(69345, '195/60R15', '88H', 'PN', '1655', '', '', '37'),
(70126, '255/35ZR18XLNTDIR', '94Y', 'PN', '4683', '', '', '32'),
(70256, '225/35R18XLNTDIR', '87Y', 'PN', '4098', '', '', '32'),
(70371, 'P265/70R17   ', '113S  ', 'LBRD', '3776', '', '', '23'),
(70697, '225/55ZR17DIR', '97W', 'PN', '2865', '', '', '34'),
(71067, 'P205/70R14', '93T', 'PN', '1611', '', '', '61'),
(71146, '205/45ZR16XLNTDIR', '87W', 'PN', '2716', '', '', '32'),
(71166, 'P225/70R15', '100S', 'LBRD', '1666', '', '', '56'),
(71202, 'P235/70R16', '104S', 'LBRD', '1845', '', '', '64'),
(71251, '215/45ZR17XL', '91W', 'PN', '2411', '', '', '51'),
(71379, '295/35ZR20 XL N0', '105Y', 'PN', '9267', '', '', '5'),
(71509, '285/30ZR20 XL K1', '99Y', 'PN', '7898', '', '', '2'),
(71599, 'P205/60R15', '90S', 'LBR', '1280', '', '', '41'),
(71715, 'P215/60R15', '93S', 'LBR', '1323', '', '', '41'),
(71716, '195/65R15', '91H', 'PN', '1992', '', '', '9'),
(71918, 'P185/70R13', '85S', 'PN', '997', '', '', '40'),
(71948, '255/40ZR18/XL GX MO1', '99Y', 'PN', '6580', '', '', '4'),
(72102, '215/45ZR17 XL', '91Y', 'PN', '4242', '', '', '2'),
(72146, '245/40ZR20TTDIR', '95Y', 'PN', '5041', '', '', '32'),
(72341, '225/50R17', '94V', 'PN', '2493', '', '', '37'),
(72498, 'P185/60R14', '82T', 'PN', '1011', '', '', '54'),
(72832, 'P225/75R15', '102S', 'LBRD', '1534', '', '', '64'),
(72870, 'LT235/70R16', '104S', 'LBR', '2371', '', '', '46'),
(73010, 'P215/55R16DIR', '91T', 'PN', '1639', '', '', '38'),
(73025, '245/40ZR17DIR', '91W', 'PN', '3302', '', '', '34'),
(73154, '11R22.5', 'G', 'PN', '10600', '', '', '75'),
(73178, 'P235/75R15XL', '108T', 'LBRD', '2227', '', '', '44'),
(73257, '225/60R16', '98H', 'PN', '2476', '', '', '8');
INSERT INTO `llantas` (`mspn`, `medida`, `rcv`, `costado`, `precio`, `c_barras`, `existencia_min`, `modelo`) VALUES
(73311, 'LT285/75R16 DT  ', '126/123R LRE ', 'LBRD', '4406', '', '', '23'),
(73391, '225/60R16', '98T', 'PN', '2379', '', '', '61'),
(73566, 'P185/70R13*', '85S', 'PN', '821', '', '', '55'),
(73927, '11R22.5', 'H', 'PN', '10839', '', '', '76'),
(74133, 'P235/75R15', '105S', 'LBRD', '1831', '', '', '56'),
(74184, 'P275/40R17LLTTDIR', '', 'PN', '4704', '', '', '30'),
(74218, 'P195/70R14', '90T', 'PN', '1113', '', '', '39'),
(74236, '10.00 - 20', '14 CAPAS', 'PN', '5208', '', '', '85'),
(74497, '37x12.50R20', '120S', 'LBR', '5847', '', '', '46'),
(74522, '205/55ZR16', '91W', 'PN', '1878', '', '', '51'),
(74728, '175/65R14 ', '82T  ', 'PN', '1187', '', '', '13'),
(74887, 'P275/35ZR18LL', '87W', 'PN', '5626', '', '', '31'),
(74917, 'P235/70R16', '104S', 'LBRD', '1959', '', '', '56'),
(75254, 'P215/60R16', '94T', 'PN', '1316', '', '', '55'),
(75433, 'P275/60R20   ', '114T  ', 'PN', '5210', '', '', '24'),
(75932, '10.00 - 20', '14 CAPAS', 'PN', '5706', '', '', '86'),
(75945, '215/65R16', '98T', 'PN', '1558', '', '', '39'),
(75997, '245/70R19.5', 'H', 'PN', ' 7694', '', '', '72'),
(76132, '275/40ZR18NTDIR', '99Y', 'PN', '4976', '', '', '32'),
(76184, '315/80R22.5', 'L', 'PN', '12990', '', '', '77'),
(76465, '205/60R16', '92V', 'PN', '1948', '', '', '37'),
(76468, '215/60R17', '96T', 'PN', 'N/D', '', '', '37'),
(76551, 'P185/60R15DIR', '84T', 'PN', '1251', '', '', '38'),
(76712, 'P225/55R17 DIR', '95T  ', 'PN', '2827', '', '', '15'),
(76721, 'P235/70R16 XL  ', '107S  ', 'LBRD', '3009', '', '', '25'),
(76733, 'P185/70R14', '87T', 'PN', '950', '', '', '54'),
(76747, '275/80R24.5', 'G', 'PN', '10424', '', '', '75'),
(76922, '235/35ZR19XLNTDIR', '91Y', 'PN', '4618', '', '', '32'),
(77118, 'LT285/75R16', '122R', 'LBR', '3440', '', '', '46'),
(77205, '7.50-17', '18 CAPAS', 'PN', '1626', '', '', '85'),
(77279, '195R15   ', '106/104R  ', 'PN', '2167', '', '', '27'),
(77326, '225/50ZR17DIR', '94Y', 'PN', '3480', '', '', '32'),
(77546, 'P235/65R18 DT  ', '104S  ', 'PN', '3587', '', '', '22'),
(77664, '225/35ZR19XLNTDIR', '88Y', 'PN', '4423', '', '', '32'),
(77864, '235/45R17', '94W', 'PN', '4673', '', '', '10'),
(77878, '235/35ZR19 N2 ', '(87Y)', 'PN', '6270', '', '', '5'),
(78156, '245/40ZR18 ZP ', '93Y', 'PN', '6650', '', '', '5'),
(78605, 'LT265/70R17', '121/118Q', 'LBR', '3506', '', '', '47'),
(78607, 'P215/70R15', '97S', 'PB', '1699', '', '', '17'),
(78686, '295/30ZR19 XL', '100Y', 'PN', '7717', '', '', '2'),
(78754, '205/40ZR16DIR', '79W', 'PN', '2468', '', '', '34'),
(78756, 'P235/50ZR18 ZP', '97W', 'PN', '5740', '', '', '6'),
(78831, '245/35ZR19 XL ', '93Y', 'PN', '6793', '', '', '5'),
(78868, 'LT235/75R15   ', '104/101R LRC ', 'LBRD', '3030', '', '', '25'),
(79020, '255/35ZR20 XL', '97Y', 'PN', '7085', '', '', '2'),
(79176, 'P235/70R16   ', '104S  ', 'LBRD', '3116', '', '', '22'),
(79230, '205/55R16', '91V', 'PN', 'N/D', '', '', '36'),
(79250, '11R24.5', 'H', 'PN', '12326', '', '', '74'),
(79347, '255/55R18', '105H', 'PN', '4002', '', '', '9'),
(79673, 'P235/70R15', '102S', 'LBR', '1599', '', '', '41'),
(79711, '165/70R14   ', '89/87R  ', 'PN', '1532', '', '', '27'),
(79712, '205/50R17XLNTDIR', '93Y', 'PN', '3252', '', '', '32'),
(79828, 'P275/65R18   ', '114T  ', 'LBRD', '4529', '', '', '24'),
(79852, '225/55ZR17 DIR', '97W', 'PN', '4212', '', '', '3'),
(80090, '11.00 - 20', '14 CAPAS', 'PN', '6475', '', '', '87'),
(80091, '11.00 - 22', '14 CAPAS', 'PN', '5829', '', '', '85'),
(80203, 'P215/70R16', '99S', 'PN', '1335', '', '', '54'),
(80272, '235/45ZR17 DIR', '94Y', 'PN', '4750', '', '', '3'),
(80283, '215/40ZR18XLDIR', '89W', 'PN', '3066', '', '', '34'),
(80288, 'LT225/75R16', '115/112Q', 'PN', '1923', '', '', '58'),
(80300, 'LT235/85R16 DT  ', '120/116R LRE ', 'PN', '3399', '', '', '23'),
(80424, '11 R 22.5', 'H', 'PN', '10754', '', '', '70'),
(80582, 'P205/65R15', '92T', 'PN', '1338', '', '', '39'),
(80852, '295/30ZR18 C1', '94Y', 'PN', '8786', '', '', '1'),
(80957, 'P215/75R15', '100S', 'LBRD', '1356', '', '', '64'),
(81039, '245/45ZR17  ', '95Y', 'PN', '5320', '', '', '5'),
(81118, '285/30ZR18', '93Y', 'PN', '8378', '', '', '1'),
(81152, '215/65R16 DIR', '98T  ', 'PN', '2190', '', '', '15'),
(81171, 'P265/70R17', '113S', 'LBRD', '2472', '', '', '56'),
(81328, 'LT265/75R16', '123/120R', 'LBRD', '2962', '', '', '44'),
(81438, '335/30ZR20 N0 ', '104Y', 'PN', '10097', '', '', '5'),
(81665, '245/45ZR19', '98Y', 'PN', '5637', '', '', '66'),
(81808, '215/65R16', '98T', 'PN', '1365', '', '', '54'),
(81848, '265/50R20XLNTDIR', '111V', 'PN', '4502', '', '', '32'),
(81866, '205/55ZR16', '91Y', 'PN', '2819', '', '', '11'),
(81993, '295/80R22.5', 'H', 'PN', '11246', '', '', '70'),
(82042, '215/55R17', '94V', 'PN', '2318', '', '', '37'),
(82116, 'P255/50R16TTDIR', '', 'PN', '3880', '', '', '30'),
(82313, '225/55R18', '98T', 'PN', '3250', '', '', '61'),
(82333, '215/55R17', '94T', 'PN', '2718', '', '', '61'),
(82346, 'P245/75R16', '109T', 'LBRD', '2472', '', '', '44'),
(82383, 'LT265/70R17', '121/118Q', 'PN', '3134', '', '', '50'),
(82627, 'P315/30R18LLNTDIR', '', 'PN', '6627', '', '', '30'),
(82632, 'P245/70R16', '106S', 'LBRD', '2069', '', '', '56'),
(82648, 'P275/50R15TTDIR', '', 'PN', '3771', '', '', '30'),
(82759, '275/40ZR18 DIR', '99Y', 'PN', '6408', '', '', '3'),
(82963, '225/60R15', '96H', 'PN', '1550', '', '', '53'),
(83036, '295/45R20XLNTDIR', '114V', 'PN', '5297', '', '', '32'),
(83116, 'LT265/70R17 NT  ', '121/118R LRE ', 'PN', '4403', '', '', '26'),
(83130, '205/55R16', '91V', 'PN', '1668', '', '', '52'),
(83284, 'LT285/70R17', '121/118Q', 'LBR', '3984', '', '', '47'),
(83311, 'P205/70R14', '93T', 'PN', '1072', '', '', '54'),
(83444, 'P215/60R15', '93T', 'PN', '1462', '', '', '39'),
(83533, '235/40ZR18/XL GX F', '95W', 'PN', '5810', '', '', '4'),
(83556, 'P205/65R15', '92T  ', 'PN', '1691', '', '', '18'),
(83567, '185/65R15', '88T', 'PN', '1702', '', '', '61'),
(83701, '215/55R16XLDIR', '97H', 'PN', '1940', '', '', '35'),
(83708, '205/65R15   ', '102/100T  ', 'PN', '2204', '', '', '27'),
(83997, 'P225/70R16', '101T', 'LBRD', 'N/D', '', '', '57'),
(84149, '205/55R15 DIR  ', '88V  ', 'PN', '2315', '', '', '12'),
(84172, 'P215/55R17', '93V', 'PN', '3202', '', '', '9'),
(84218, 'P205/65R15 DIR', '92T  ', 'PN', '1933', '', '', '15'),
(84296, '255/45ZR18NTDIR', '99Y', 'PN', '4488', '', '', '32'),
(84309, '225/45ZR16NTDIR', '89W', 'PN', '3252', '', '', '32'),
(84377, '225/45R17', '91H', 'PN', '3331', '', '', '6'),
(84420, 'P195/60R15', '87S', 'LBR', '1271', '', '', '41'),
(84431, '225/30ZR20XLNTDIR', '85W', 'PN', '4876', '', '', '32'),
(84530, '275/35ZR18 DC ', '(95Y)', 'PN', '6935', '', '', '5'),
(84568, '225/40ZR18 ZP ', '88Y', 'PN', '5852', '', '', '5'),
(84649, '245/45ZR18NTDIR', '96Y', 'PN', '4293', '', '', '32'),
(84693, 'P215/60R15 DIR', '93T  ', 'PN', '2080', '', '', '15'),
(84908, '235/40ZR17DIR', '90W', 'PN', '3133', '', '', '34'),
(85026, '195/55R15DIR', '85V', 'PN', '1738', '', '', '35'),
(85154, 'P205/50R14NTDIR', '', 'PN', '2336', '', '', '30'),
(85176, 'P215/60R16', '94T', 'PN', '1600', '', '', '39'),
(85335, '12 R 22.5', 'H', 'PN', ' 11876', '', '', '72'),
(85527, 'P255/45R17', '98V', 'PN', '4840', '', '', '6'),
(85568, 'P205/60R15 DIR', '90T  ', 'PN', '2031', '', '', '15'),
(85671, '265/35ZR18DIR', '93W', 'PN', '4266', '', '', '34'),
(85672, 'LT235/75R15', '104/101Q', 'LBR', '2112', '', '', '47'),
(85761, '255/40ZR18NTDIR', '95Y', 'PN', '4585', '', '', '32'),
(85842, '185/70R14', '88T', 'PN', '1473', '', '', '61'),
(85975, 'P195/65R15', '89T', 'PN', '1255', '', '', '39'),
(86105, '225/50R18', '95T', 'PN', '3411', '', '', '61'),
(86134, 'P185/70R14 DIR', '87T  ', 'PN', '1495', '', '', '15'),
(86358, '205/40ZR17XLNTDIR', '84Y', 'PN', '3285', '', '', '32'),
(86389, 'LT235/85R16', '120/116Q', 'PN', '2154', '', '', '65'),
(86391, '205/50R17ZP', '89W', 'PN', '4140', '', '', '7'),
(86409, '11 R 24.5', 'H', 'PN', '9582', '', '', '84'),
(86547, '205/50ZR16NTDIR', '87W', 'PN', '2764', '', '', '32'),
(86701, '245/50ZR16DIR', '97W', 'PN', '2876', '', '', '34'),
(86721, '235/35ZR18XLNTDIR', '90Y', 'PN', '4293', '', '', '32'),
(86741, '225/45ZR18NTDIR', '91Y', 'PN', '3902', '', '', '32'),
(87030, '275/40ZR17 DIR', '98W', 'PN', '5960', '', '', '3'),
(87129, '11 R 24.5', 'H', 'PN', '11882', '', '', '73'),
(87503, '225/40ZR18', '88Y', 'PN', '5517', '', '', '1'),
(87738, '225/40ZR19 XL BM', '(93Y)', 'PN', '6888', '', '', '5'),
(87825, 'P235/50R17', '95S  ', 'PN', '3365', '', '', '14'),
(87929, '285/55R20XLNTDIR', '119V', 'PN', '5297', '', '', '32'),
(87994, '225/35ZR18XLDIR', '87W', 'PN', '3360', '', '', '34'),
(88213, '225/50R17', '94W', 'PN', '4205', '', '', '10'),
(88228, 'P215/65R15', '95T', 'PN', '1264', '', '', '54'),
(88309, '215/40ZR18NTDIR', '85Y', 'PN', '3805', '', '', '32'),
(88336, '195/50R15DIR', '82V', 'PN', '1779', '', '', '34'),
(88357, 'P265/70R16', '111T', 'LBRD', '2430', '', '', '43'),
(88499, '245/45ZR17NTDIR', '95Y', 'PN', '3967', '', '', '32'),
(88558, 'P235/75R16XL', '109S', 'LBRD', '2106', '', '', '56'),
(88715, 'P205/65R15', '92T', 'PN', '1157', '', '', '55'),
(88796, '205/50ZR17DIR', '89W', 'PN', '2590', '', '', '34'),
(88828, '245/40ZR17NTDIR', '91Y', 'PN', '4065', '', '', '32'),
(88842, 'P315/35R17LLTTDIR', '', 'PN', '5687', '', '', '30'),
(88851, '235/35ZR19 BM', '87Y', 'PN', '6811', '', '', '1'),
(89039, '255/55R18 XL N1 ', '109V  ', 'PN', '4339', '', '', '21'),
(89116, '215/60R16', '95H', 'PN', '1597', '', '', '53'),
(89205, 'P235/55R17', '98H', 'PN', '3070', '', '', '9'),
(89377, '185/60R14', '82V', 'PN', '1661', '', '', '11'),
(89451, 'P275/35R18LLNTDIR', '', 'PN', '5230', '', '', '30'),
(89576, 'P245/65R17   ', '105S  ', 'LBRD', '3147', '', '', '23'),
(89654, 'LT285/75R16', '122/119RLRD', 'LBRD', '2747', '', '', '56'),
(89658, 'P255/70R17', '110T', 'LBRD', '2761', '', '', '44'),
(89725, '11R22.5', 'H', 'PN', '12206', '', '', '78'),
(89738, '225/45ZR17 XL', '94Y', 'PN', '4513', '', '', '2'),
(89796, '31x10.50R15', '109S', 'LBR', '3053', '', '', '46'),
(89861, '11 R 24 .5', 'H', 'PN', '8812', '', '', '83'),
(89885, '37x12.50R17', '124T', 'PN', '7801', '', '', '48'),
(89890, 'P225/75R16XL', '106S', 'LBRD', '1996', '', '', '56'),
(89947, '205/55R16', '91H', 'PN', '2363', '', '', '9'),
(89949, 'P265/70R17', '113S', 'LBRD', '2337', '', '', '64'),
(90078, '205/40ZR16XLNTDIR', '83W', 'PN', '2959', '', '', '32'),
(90382, 'LT265/75R16', '123/120RLRE', 'LBRD', '2527', '', '', '56'),
(90466, 'P185/65R15 DIR', '86T  ', 'PN', '1840', '', '', '15'),
(90714, '215/35ZR18DIR', '80W', 'PN', '3141', '', '', '34'),
(90733, '225/50R16DIR', '92V', 'PN', '2277', '', '', '35'),
(90861, '215/55ZR16DIR', '93W', 'PN', '2377', '', '', '34'),
(91043, '225/70R19.5', 'G', 'PN', ' 6414', '', '', '72'),
(91157, '245/45ZR18 XL', '100Y', 'PN', '5506', '', '', '2'),
(91177, '275/35ZR18DIR', '95W', 'PN', '4141', '', '', '34'),
(91261, 'P195/65R15 DIR', '89T  ', 'PN', '1879', '', '', '15'),
(91266, '31x10.50R15', '109RLRC', 'LBRD', '2504', '', '', '56'),
(91426, 'P235/50ZR18', '97W', 'PN', '4971', '', '', '6'),
(91449, '235/65R!6', '103T', 'PN', '1541', '', '', '54'),
(91504, 'LT235/80R17 GX  ', '120R  ', 'LBRD', '3794', '', '', '24'),
(91715, '255/35ZR18DIR', '90W', 'PN', '3861', '', '', '34'),
(91918, '225/60R15DIR', '96V', 'PN', '1986', '', '', '34'),
(91970, '225/50R17DIR', '94V', 'PN', '2500', '', '', '35'),
(91991, '255/55R18 XL N0 VW', '109Y  ', 'PN', '3891', '', '', '20'),
(92042, 'LT295/75R16', '123R', 'LBR', '3412', '', '', '46'),
(92044, '225/45ZR17 N3 ', '(91Y)', 'PN', '4750', '', '', '5'),
(92253, '205/55R16', '91W', 'PN', '2981', '', '', '7'),
(92260, '195/55R15', '85V', 'PN', '2279', '', '', '11'),
(92694, 'P185/65R15', '86T', 'PN', '1187', '', '', '39'),
(92724, 'P255/70R16', '109S', 'LBRD', '2208', '', '', '64'),
(92784, '245/45ZR17DIR', '95W', 'PN', '3271', '', '', '34'),
(92789, '245/35ZR18 XL M0', '92Y', 'PN', '6390', '', '', '5'),
(92866, '235/55R19 AO  ', '101W  ', 'PN', '3902', '', '', '20'),
(93067, 'P205/60R15', '90T', 'PN', '1233', '', '', '54'),
(93100, 'P265/75R15', '112T', 'LBRD', '2514', '', '', '42'),
(93115, 'P235/60R16 DIR', '99T  ', 'PN', '2518', '', '', '15'),
(93221, '175/65R14   ', '90T  ', 'PN', '1588', '', '', '27'),
(93449, 'LT225/75R16', '115/112R', 'PN', '2427', '', '', '44'),
(93470, 'P265/75R16', '114S', 'LBRD', '2343', '', '', '56'),
(93496, 'P225/55R17', '95H', 'PN', '2909', '', '', '9'),
(93563, 'P215/70R15', '97T', 'PB', '1379', '', '', '39'),
(93610, 'P185/70R14', '87T', 'PN', '1050', '', '', '39'),
(93696, '235/45ZR17TTDIR', '93Y', 'PN', '3772', '', '', '32'),
(93701, '285/30ZR20XLNTDIR', '99Y', 'PN', '6016', '', '', '32'),
(93822, 'LT225/75R16', '115/112Q', 'PN', '1925', '', '', '64'),
(94031, '245/50ZR17 DIR', '99W', 'PN', '4884', '', '', '3'),
(94081, 'P255/70R15', '108S', 'LBR', '1736', '', '', '41'),
(94200, 'P235/60R18', '102V', 'PN', '5157', '', '', '6'),
(94279, 'P215/65R15 DIR', '95T  ', 'PN', '1997', '', '', '15'),
(94325, '245/35ZR19 XL DT', '93Y', 'PN', '7560', '', '', '1'),
(94334, 'P155/80R15', '83S', 'LBR', '900', '', '', '41'),
(94398, 'LT225/75R16 DT  ', '115/112R LRE ', 'PN', '3018', '', '', '23'),
(94511, '195/60R15DIR', '88H', 'PN', '1542', '', '', '35'),
(94564, '255/40ZR17NTDIR', '94Y', 'PN', '4260', '', '', '32'),
(94860, 'P225/60R17', '98T  ', 'PB', '3240', '', '', '14'),
(94902, '275/35R18  ', '95Y', 'PN', '6935', '', '', '5'),
(95077, 'LT285/75R16', '122/119Q', 'LBRD', '2688', '', '', '64'),
(95100, 'P235/65R17 NT  ', '103S  ', 'PN', '3082', '', '', '26'),
(95178, '205/45ZR16', '83W', 'PN', '2988', '', '', '11'),
(95254, 'P215/60R15', '93T', 'PN', '1294', '', '', '54'),
(95265, '11 R 24.5', 'H', 'PN', '11149', '', '', '70'),
(95380, 'P345/32ZR19 DIR ZP C1', '98Y', 'PN', '10386', '', '', '63'),
(95464, '185/55R15', '82V', 'PN', '1877', '', '', '11'),
(95648, 'P235/65R17 DT  ', '103T  ', 'PN', '3336', '', '', '22'),
(95649, '235/65R16', '103T  ', 'PN', '2828', '', '', '14'),
(95885, 'P215/60R16 DIR', '94T  ', 'PN', '2334', '', '', '15'),
(95945, '215/40ZR16XLDIR', '86W', 'PN', '2652', '', '', '34'),
(96208, 'P235/70R17XL', '108T', 'PN', '2606', '', '', '44'),
(96340, '245/40ZR19XLNTDIR', '98Y', 'PN', '4592', '', '', '32'),
(96365, 'P205/75R14', '95T', 'LBRD', '1401', '', '', '43'),
(96388, '225/55ZR17', '97W', 'PN', '2291', '', '', '51'),
(96664, 'P315/35ZR17LL', '93W', 'PN', '6194', '', '', '31'),
(96700, '285/30ZR21 XL ', '100Y', 'PN', '10198', '', '', '5'),
(96751, '245/35ZR20XLNTDIR', '95W', 'PN', '5138', '', '', '32'),
(96757, '42x14.50R20', '125Q', 'PN', '6481', '', '', '47'),
(96965, 'P245/60R14', '98S', 'LBR', '1394', '', '', '41'),
(97218, '37x12.50R18', '123Q', 'LBR', '5059', '', '', '47'),
(97220, 'P295/35R18LLNTDIR', '', 'PN', '5764', '', '', '30'),
(97329, '225/45ZR17DIR', '91W', 'PN', '3048', '', '', '34'),
(97373, '285/35ZR19NTDIR', '99Y', 'PN', '5593', '', '', '32'),
(97454, '205/40ZR17DIR', '80W', 'PN', '2773', '', '', '34'),
(97679, 'P235/70R15   ', '102S  ', 'LBRD', '2685', '', '', '25'),
(97723, 'LT265/70R17 GX  ', '121R  ', 'LBRD', '4242', '', '', '24'),
(97802, '255/50ZR16DIR', '99W', 'PN', '3038', '', '', '34'),
(97824, 'P195/65R14', '88T', 'PN', '1041', '', '', '54'),
(97843, '235/65R16', '103T', 'PN', 'N/D', '', '', '37'),
(97867, '265/35ZR18NTDIR', '93Y', 'PN', '4878', '', '', '32'),
(97900, '235/40ZR18XLNTDIR', '95Y', 'PN', '4195', '', '', '32'),
(98003, 'P205/50R15NTDIR', '', 'PN', '2553', '', '', '30'),
(98035, '11 R 22.5', 'H', 'PN', '8511', '', '', '83'),
(98347, 'P245/70R16   ', '106S  ', 'LBRD', '2651', '', '', '23'),
(98353, '245/45ZR18 DIR', '96Y', 'PN', '5467', '', '', '3'),
(98499, 'P225/60R16', '97S', 'PB', '2073', '', '', '17'),
(98529, 'LT235/80R17', '120/117Q', 'PN', '2798', '', '', '50'),
(98647, '245/35R19XLNTDIR', '93Y', 'PN', '4813', '', '', '32'),
(98745, 'LT245/75R16', '120/116Q', 'LBRD', '2188', '', '', '64'),
(98833, 'P235/65R17   ', '103S  ', 'LBRD', '2895', '', '', '23'),
(98835, 'P275/70R16   ', '114H  ', 'PN', '3850', '', '', '25'),
(98854, 'P245/60R15', '100S', 'LBR', '1639', '', '', '41'),
(98894, '225/50ZR17DIR', '94W', 'PN', '2956', '', '', '34'),
(99103, '215/60R17 DIR', '96T  ', 'PN', '2594', '', '', '15'),
(99229, '275/30ZR19 XL', '96Y', 'PN', '7176', '', '', '2'),
(99319, '235/60R16', '100H', 'PN', '2202', '', '', '37'),
(99366, '185/60R14 DIR  ', '82H  ', 'PN', '1563', '', '', '12'),
(99681, 'P205/70R15', '95T', 'PN', '1195', '', '', '54'),
(99782, '37x12.50R17', '124Q', 'LBR', '4764', '', '', '47'),
(99843, '225/55ZR16DIR', '95W', 'PN', '2560', '', '', '34'),
(99853, 'P275/65R18 GX  ', '114H  ', 'PN', '4648', '', '', '21'),
(99872, '275/35ZR18 XL', '99Y', 'PN', '6589', '', '', '2'),
(99915, '235/65R17 XL VW ', '108V  ', 'PN', '3660', '', '', '19');

-- --------------------------------------------------------

--
-- Estructura de tabla para la tabla `marca`
--

CREATE TABLE IF NOT EXISTS `marca` (
  `idMarca` int(10) unsigned NOT NULL AUTO_INCREMENT,
  `marca` varchar(45) NOT NULL,
  PRIMARY KEY (`idMarca`)
) ENGINE=InnoDB DEFAULT CHARSET=latin1 AUTO_INCREMENT=1 ;

-- --------------------------------------------------------

--
-- Estructura de tabla para la tabla `modelos`
--

CREATE TABLE IF NOT EXISTS `modelos` (
  `idmodelos` int(10) unsigned NOT NULL AUTO_INCREMENT,
  `modelo` varchar(45) NOT NULL,
  `url_image` varchar(200) NOT NULL,
  `marca` varchar(45) NOT NULL,
  PRIMARY KEY (`idmodelos`)
) ENGINE=InnoDB  DEFAULT CHARSET=latin1 AUTO_INCREMENT=92 ;

--
-- Volcado de datos para la tabla `modelos`
--

INSERT INTO `modelos` (`idmodelos`, `modelo`, `url_image`, `marca`) VALUES
(1, 'PILOT SPORT CUP', 'images/catalogo/tire-pilot-sport-cup-hero.png', 'Michelin'),
(2, 'PILOT SUPER SPORT ', 'images/catalogo/tire-pilot-super-sport-hero.png', 'Michelin'),
(3, 'PILOT SPORT A/S PLUS', 'images/catalogo/tire-pilot-sport-a-s-plus-hero.png', 'Michelin'),
(4, 'PILOT SPORT 3', 'images/catalogo/tire-pilot-sport-3-hero.png', 'Michelin'),
(5, 'PILOT SPORT 2', 'images/catalogo/tire-pilot-sport-ps2-hero.png', 'Michelin'),
(6, 'PILOT HXMXM4', 'images/catalogo/tire-pilot-mxm4-hero.png', 'Michelin'),
(7, 'PRIMACY HP', 'images/catalogo/tire-primacy-hp-hero.png', 'Michelin'),
(8, 'PRIMACY MXV4', 'images/catalogo/tire-primacy-mxv4-hero.png', 'Michelin'),
(9, 'ENERGY MXV4 PLUS & S8', 'images/catalogo/tire-energy-mxv4-s8-hero.png', 'Michelin'),
(10, 'PRIMACY MXM4', 'images/catalogo/tire-primacy-mxm4-hero.png', 'Michelin'),
(11, 'PILOT EXALTO 2', 'images/catalogo/tire-pilot-exalto-pe2-hero.png', 'Michelin'),
(12, 'PILOT EXALTO A/S', 'images/catalogo/tire-pilot-exalto-a-s-hero.png', 'Michelin'),
(13, 'ENERGY SAVER', 'images/catalogo/tire-energy-saver-hero.png', 'Michelin'),
(14, 'ENERGY LX4', 'images/catalogo/tire-energy-lx4-hero.png', 'Michelin'),
(15, 'HYDROEDGE', 'images/catalogo/tire-hydroedge-hero.png', 'Michelin'),
(16, 'ENERGY E3B', 'images/catalogo/tire-energy-e3b-hero.png', 'Michelin'),
(17, 'SYMMETRY', 'images/catalogo/tire-symmetry-hero.png', 'Michelin'),
(18, 'HARMONY', 'images/catalogo/tire-harmony-hero.png', 'Michelin'),
(19, '4X4 LATITUDE DIAMARIS', 'images/catalogo/tire-4x4-diamaris-hero.png', 'Michelin'),
(20, 'LATITUDE SPORT', 'images/catalogo/tire-latitude-sport-hero.png', 'Michelin'),
(21, 'LATITUDE TOUR HP', 'images/catalogo/tire-latitude-tour-hp-hero.png', 'Michelin'),
(22, 'CROSS TERRAIN SUV', 'images/catalogo/tire-cross-terrain-suv-hero.png', 'Michelin'),
(23, 'LTX A/T2', 'images/catalogo/tire-ltx-a-t2-hero.png', 'Michelin'),
(24, 'LTX M/S2', 'images/catalogo/tire-ltx-m-s2-hero.png', 'Michelin'),
(25, 'LTX M/S', 'images/catalogo/tire-ltx-m-s-hero.png', 'Michelin'),
(26, 'LTX A/S', 'images/catalogo/tire-ltx-a-s-hero.png', 'Michelin'),
(27, 'AGILIS LT', 'images/catalogo/tire-agilis-hero.png', 'Michelin'),
(28, 'XPS RIB', 'images/catalogo/tire-xps-rib-hero.png', 'Michelin'),
(29, 'XPS TRACTION', 'images/catalogo/tire-xps-traction-hero.png', 'Michelin'),
(30, 'G-FORCE T/A DRAG REDIAL', 'images/catalogo/tire-g-force-t-a-drag-radial-hero.png', 'BF Goodrich'),
(31, 'G-FORCE R1', 'images/catalogo/tire-g-force-r1-hero.png', 'BF Goodrich'),
(32, 'G-FORCE T/AKDW', 'images/catalogo/tire-g-force-t-a-kdw-hero.png', 'BF Goodrich'),
(33, 'G-FORCE T/A KDWS', 'images/catalogo/tire-g-force-t-a-kdws-hero.png', 'BF Goodrich'),
(34, 'G-FORCE SPORT', 'images/catalogo/tire-g-force-sport-comp-2-hero.png', 'BF Goodrich'),
(35, 'G-FORCE SUPER SPORT A/S HV', 'images/catalogo/tire-g-force-super-sport-a-s-h-v-hero.png', 'BF Goodrich'),
(36, 'G-GRIP', 'images/catalogo/tire-g-grip-hero.png', 'BF Goodrich'),
(37, 'ADVANTAGE T/A', 'images/catalogo/tire-advantage-t-a-hero.png', 'BF Goodrich'),
(38, 'TRACTION T/A', 'images/catalogo/tire-traction-t-a-hero.png', 'BF Goodrich'),
(39, 'PREMIER TOURING', 'images/catalogo/tire-premier-touring-hero.png', 'BF Goodrich'),
(40, 'TURING T/A SR4', 'images/catalogo/tire-touring-t-a-tr4-sr4-hero.png', 'BF Goodrich'),
(41, 'RADIAL T/A', 'images/catalogo/tire-radial-t-a-hero.png', 'BF Goodrich'),
(42, 'LONG TRAIL T/A TOUR', 'images/catalogo/tire-long-trail-t-a-tour-hero.png', 'BF Goodrich'),
(43, 'RADIAL LONG TRAIL T/A', 'images/catalogo/tire-radial-long-trail-t-a-hero.png', 'BF Goodrich'),
(44, 'RUGGED TERRAIN T/A', 'images/catalogo/tire-rugged-terrain-t-a-hero.png', 'BF Goodrich'),
(45, 'RUGGED TRAIL T/A', 'images/catalogo/tire-rugged-trail-t-a-hero.png', 'BF Goodrich'),
(46, 'ALL-TERRAIN T/A KO', 'images/catalogo/tire-all-terrain-t-a-ko-hero.png', 'BF Goodrich'),
(47, 'MUD TERRAIN T/A KM2', 'images/catalogo/tire-mud-terrain-t-a-km2-hero.png', 'BF Goodrich'),
(48, 'BAJA T/A', 'images/catalogo/tire-baja-t-a-hero.png', 'BF Goodrich'),
(49, 'KRAWELR T/A KM2', 'images/catalogo/tire-krawler-t-a-kx-hero.png', 'BF Goodrich'),
(50, 'COMERCIAL T/A ALL SEASON', 'images/catalogo/tire-commercial-t-a-all-season-hero.png', 'BF Goodrich'),
(51, 'TIGER PAW GTZ', 'images/catalogo/tiger-paw-gtz-all-season.jpg', 'Uniroyal'),
(52, 'TIGER PAW TURING V', 'images/catalogo/tiger-paw-touring.jpg', 'Uniroyal'),
(53, 'TIGER PAW TURING H', 'images/catalogo/tiger-paw-touring1.jpg', 'Uniroyal'),
(54, 'TIGER PAW TOURING S&T', 'images/catalogo/long-touring-a-s.jpg', 'Uniroyal'),
(55, 'TIGER PAW AWP II', 'images/catalogo/tiger-paw-awp-ii.jpg', 'Uniroyal'),
(56, 'LAREDO CROSS COUNTRY', 'images/catalogo/laredo-cross-country.jpg', 'Uniroyal'),
(57, 'LAREDO CROS COUNTRY TOUR', 'images/catalogo/laredo-cross-country-tour.jpg', 'Uniroyal'),
(58, 'LAREDO HD/H', 'images/catalogo/laredo-hd-h.jpg', 'Uniroyal'),
(59, 'CL RADIAL ACERO', 'images/catalogo/CL_Radial_Acero.jpg', 'Uniroyal'),
(61, 'DEFENDER', 'images/catalogo/tire-defender-hero1.png', 'Michelin'),
(62, 'LATITUDE TOUR ', 'images/catalogo/tire-latitude-tour-hero.png', 'Michelin'),
(63, 'PILOT SPORT', 'images/catalogo/PILOT_SPORT.jpg', 'Michelin'),
(64, 'LIBERATOR A/T', 'images/catalogo/LIBERATOR-AT.jpg', 'Uniroyal'),
(65, 'LAREDO HD/T', 'images/catalogo/laredo-hd-t.jpg', 'Uniroyal'),
(66, 'PILOT PRIMACY', 'images/catalogo/tire-primacy-hp-hero1.png', 'Michelin'),
(67, 'XCA', 'images/catalogo/2022.jpg', 'Michelin'),
(68, 'XTE2', 'images/catalogo/XTE2.jpg', 'Michelin'),
(70, 'XZE2', 'images/catalogo/XZE2plus_3.JPG', 'Michelin'),
(71, 'XDS2', 'images/catalogo/new_XDS2.jpg', 'Michelin'),
(72, 'XZE', 'images/catalogo/XZE_.jpg', 'Michelin'),
(73, 'X ONE XDN2', 'images/catalogo/X_One_XDN2_Tire.jpg', 'Michelin'),
(74, 'XZY 3', 'images/catalogo/XZY3.jpg', 'Michelin'),
(75, 'XDA 5', 'images/catalogo/XDA5.jpg', 'Michelin'),
(76, 'XDE M/S', 'images/catalogo/XDE_M_S.jpg', 'Michelin'),
(77, 'XZA 2 ENERGY', 'images/catalogo/XZA2_ENERGY.jpg', 'Michelin'),
(78, 'X WORKS XDY', 'images/catalogo/MICHELIN-X®-WorksTM-XDY.JPG', 'Michelin'),
(79, 'X COACH XZ', 'images/catalogo/X_COACH_XZ.jpg', 'Michelin'),
(80, 'X ONE XTE', 'images/catalogo/X_ONE_XTE.jpg', 'Michelin'),
(81, 'XZA3 EVERTREAD', 'images/catalogo/Michelin_XZA3_small.jpg', 'Michelin'),
(82, 'ST-230', 'images/catalogo/ST230.jpg', 'BF Goodrich'),
(83, 'DR 444', 'images/catalogo/DR444.jpg', 'BF Goodrich'),
(84, 'ST-576', 'images/catalogo/ST576.jpg', 'BF Goodrich'),
(85, 'FLEETWAY', 'images/catalogo/FLEETWAY8505.jpg', 'Uniroyal'),
(86, 'SUPERFLEET PLUS', 'images/catalogo/sfplus.jpg', 'Uniroyal'),
(87, 'MULTI-RUTA', 'images/catalogo/multiruta-uniroyal.jpg', 'Uniroyal'),
(88, 'CONVENCIONALES', 'images/catalogo/detalle_copy_20120712-3ae91_convencionales.jpg', 'Uniroyal'),
(89, 'ENERGY SAVOR', 'images/catalogo/nodisponible.jpg', 'Michelin'),
(90, 'G-FORCE SPORT COMP-2', 'images/catalogo/tire-g-force-sport-comp-2-hero1.png', 'BF Goodrich'),
(91, 'CAMINERA', 'images/catalogo/nodisponible1.jpg', 'Uniroyal');

-- --------------------------------------------------------

--
-- Estructura de tabla para la tabla `movimientos`
--

CREATE TABLE IF NOT EXISTS `movimientos` (
  `id_movimiento` int(10) unsigned NOT NULL AUTO_INCREMENT,
  `tipo` varchar(45) NOT NULL,
  `concepto` varchar(45) NOT NULL,
  `mspn_llanta` varchar(45) NOT NULL,
  `cantidad` int(10) unsigned NOT NULL,
  `fecha` varchar(15) NOT NULL,
  `folio_fct` varchar(45) DEFAULT NULL,
  `folio_os` varchar(45) DEFAULT NULL,
  `bodega` varchar(45) NOT NULL,
  `usuario` varchar(45) DEFAULT NULL,
  `hora` varchar(15) NOT NULL,
  `folio_vale` varchar(45) NOT NULL,
  PRIMARY KEY (`id_movimiento`)
) ENGINE=InnoDB  DEFAULT CHARSET=latin1 ROW_FORMAT=DYNAMIC AUTO_INCREMENT=85 ;

--
-- Volcado de datos para la tabla `movimientos`
--

INSERT INTO `movimientos` (`id_movimiento`, `tipo`, `concepto`, `mspn_llanta`, `cantidad`, `fecha`, `folio_fct`, `folio_os`, `bodega`, `usuario`, `hora`, `folio_vale`) VALUES
(1, 'entrada', 'Factura', '73566', 22, '26/09/2012', 'A0616478', NULL, '3', 'chocorroll', '15:39:32', ''),
(2, 'entrada', 'Factura', '73566', 22, '26/09/2012', 'A0616478', NULL, '3', 'chocorroll', '15:42:56', ''),
(3, 'Salida', 'Orden de servicio', '10761', 4, '01/10/2012', NULL, '49090', '3', 'laura', '13:07:30', ''),
(4, 'Salida', 'Orden de servicio', '48852', 1, '01/10/2012', NULL, '49091', '1', 'guadalupe', '13:14:49', ''),
(5, 'Salida', 'Factura', '84218', 1, '01/10/2012', '15481', NULL, '1', 'jabrago', '13:35:43', ''),
(6, 'Salida', 'Orden de servicio', '3135', 2, '04/10/2012', NULL, '49160', '1', 'jabrago', '17:57:22', ''),
(7, 'Salida', 'Orden de servicio', '60440', 2, '04/10/2012', NULL, '49159', '1', 'jabrago', '18:00:53', ''),
(8, 'Salida', 'Orden de servicio', '73566', 1, '04/10/2012', NULL, '49156', '1', 'jabrago', '18:05:08', ''),
(9, 'Salida', 'Orden de servicio', '8115', 4, '04/10/2012', NULL, '49146', '3', 'jabrago', '18:11:54', ''),
(10, 'Salida', 'Orden de servicio', '59382', 2, '04/10/2012', NULL, '49145', '3', 'jabrago', '18:16:00', ''),
(11, 'Salida', 'Orden de servicio', '77279', 2, '04/10/2012', NULL, '49142', '1', 'jabrago', '18:22:19', ''),
(12, 'Salida', 'Orden de servicio', '45834', 2, '04/10/2012', NULL, '49136', '1', 'jabrago', '18:25:01', ''),
(13, 'Salida', 'Orden de servicio', '82042', 2, '04/10/2012', NULL, '49134', '3', 'jabrago', '18:27:27', ''),
(14, 'Salida', 'Orden de servicio', '70371', 4, '04/10/2012', NULL, '49128', '3', 'jabrago', '18:28:51', ''),
(15, 'Salida', 'Orden de servicio', '13022', 4, '04/10/2012', NULL, '49127', '3', 'jabrago', '18:31:22', ''),
(16, 'Salida', 'Orden de servicio', '28909', 4, '04/10/2012', NULL, '49121', '3', 'jabrago', '18:33:04', ''),
(17, 'Salida', 'Orden de servicio', '34162', 4, '04/10/2012', NULL, '49102', '3', 'jabrago', '18:35:52', ''),
(18, 'Salida', 'Orden de servicio', '4910', 2, '04/10/2012', NULL, '49094', '1', 'jabrago', '18:39:24', ''),
(19, 'Salida', 'Orden de servicio', '2821', 4, '04/10/2012', NULL, '49092', '3', 'jabrago', '18:40:59', ''),
(20, 'Salida', 'Orden de servicio', '84218', 1, '04/10/2012', NULL, '49088', '1', 'jabrago', '18:42:02', ''),
(21, 'Salida', 'Orden de servicio', '12965', 4, '04/10/2012', NULL, '49082', '3', 'jabrago', '18:43:27', ''),
(22, 'Salida', 'Orden de servicio', '83284', 2, '04/10/2012', NULL, '49135', '3', 'ferko', '19:01:13', ''),
(23, 'Salida', 'Orden de servicio', '25516', 2, '05/10/2012', NULL, '49084', '3', 'jabrago', '11:07:35', ''),
(24, 'Salida', 'Orden de servicio', '12117', 4, '05/10/2012', NULL, '49084', '3', 'jabrago', '11:08:24', ''),
(25, 'Salida', 'Orden de servicio', '22049', 1, '05/10/2012', NULL, '49093', '3', 'jabrago', '11:16:18', ''),
(26, 'Salida', 'Orden de servicio', '19761', 2, '05/10/2012', NULL, '49098', '1', 'jabrago', '11:18:27', ''),
(27, 'Salida', 'Orden de servicio', '8268', 2, '05/10/2012', NULL, '49098', '1', 'jabrago', '11:19:11', ''),
(28, 'Salida', 'Orden de servicio', '31796', 4, '05/10/2012', NULL, '49101', '3', 'jabrago', '11:21:54', ''),
(29, 'Salida', 'Orden de servicio', '11379', 4, '05/10/2012', NULL, '49106', '3', 'jabrago', '11:31:32', ''),
(30, 'Salida', 'Orden de servicio', '25105', 4, '05/10/2012', NULL, '49106', '3', 'jabrago', '11:32:15', ''),
(31, 'Salida', 'Orden de servicio', '16529', 4, '05/10/2012', NULL, '49106', '3', 'jabrago', '11:32:46', ''),
(32, 'Salida', 'Orden de servicio', '94200', 3, '05/10/2012', NULL, '49106', '1', 'jabrago', '11:33:21', ''),
(33, 'Salida', 'Orden de servicio', '36210', 4, '05/10/2012', NULL, '49106', '3', 'jabrago', '11:33:54', ''),
(34, 'Salida', 'Orden de servicio', '9808', 4, '05/10/2012', NULL, '49106', '3', 'jabrago', '11:34:24', ''),
(35, 'Salida', 'Orden de servicio', '23388', 2, '05/10/2012', NULL, '49106', '3', 'jabrago', '11:34:52', ''),
(36, 'Salida', 'Orden de servicio', '35551', 2, '05/10/2012', NULL, '49106', '1', 'jabrago', '11:35:36', ''),
(37, 'Salida', 'Orden de servicio', '55332', 2, '05/10/2012', NULL, '49106', '1', 'jabrago', '11:36:09', ''),
(38, 'Salida', 'Orden de servicio', '55332', 2, '05/10/2012', NULL, '49106', '3', 'jabrago', '11:37:02', ''),
(39, 'Salida', 'Orden de servicio', '9607', 6, '05/10/2012', NULL, '49106', '3', 'jabrago', '11:38:33', ''),
(40, 'Salida', 'Orden de servicio', '73566', 4, '05/10/2012', NULL, '49106', '1', 'jabrago', '11:39:42', ''),
(41, 'Salida', 'Orden de servicio', '22164', 2, '05/10/2012', NULL, '49107', '1', 'jabrago', '11:41:56', ''),
(42, 'Salida', 'Orden de servicio', '3387', 2, '05/10/2012', NULL, '49107', '1', 'jabrago', '11:46:34', ''),
(43, 'Salida', 'Orden de servicio', '3387', 2, '05/10/2012', NULL, '49107', '3', 'jabrago', '11:47:10', ''),
(44, 'Salida', 'Orden de servicio', '45834', 4, '05/10/2012', NULL, '49107', '1', 'jabrago', '11:47:35', ''),
(45, 'Salida', 'Orden de servicio', '21155', 2, '05/10/2012', NULL, '49107', '1', 'jabrago', '11:48:06', ''),
(46, 'Salida', 'Orden de servicio', '29274', 6, '05/10/2012', NULL, '49107', '3', 'jabrago', '11:48:34', ''),
(47, 'Salida', 'Orden de servicio', '15953', 4, '05/10/2012', NULL, '49107', '3', 'jabrago', '11:49:51', ''),
(48, 'Salida', 'Orden de servicio', '77118', 4, '05/10/2012', NULL, '49107', '3', 'jabrago', '11:50:25', ''),
(49, 'Salida', 'Orden de servicio', '1616', 2, '05/10/2012', NULL, '49107', '3', 'jabrago', '11:50:56', ''),
(50, 'Salida', 'Orden de servicio', '8115', 4, '05/10/2012', NULL, '49126', '3', 'jabrago', '11:56:50', ''),
(51, 'Salida', 'Orden de servicio', '77279', 8, '05/10/2012', NULL, '49126', '3', 'jabrago', '11:57:17', ''),
(52, 'Salida', 'Orden de servicio', '16109', 4, '05/10/2012', NULL, '49126', '3', 'jabrago', '11:58:00', ''),
(53, 'Salida', 'Orden de servicio', '42614', 4, '05/10/2012', NULL, '49131', '3', 'jabrago', '11:59:53', ''),
(54, 'Salida', 'Orden de servicio', '89796', 2, '05/10/2012', NULL, '49137', '1', 'jabrago', '12:07:26', ''),
(55, 'Salida', 'Orden de servicio', '8059', 4, '05/10/2012', NULL, '49147', '3', 'jabrago', '12:12:51', ''),
(56, 'Salida', 'Orden de servicio', '95100', 4, '05/10/2012', NULL, '49100', '3', 'jabrago', '12:50:37', ''),
(57, 'Salida', 'Orden de servicio', '7919', 2, '09/10/2012', NULL, '49219', '1', 'laura', '19:00:13', ''),
(58, 'Salida', 'Orden de servicio', '60044', 2, '09/10/2012', NULL, '48596', '3', 'francisco', '20:08:02', ''),
(59, 'Salida', 'Orden de servicio', '2458', 5, '09/10/2012', NULL, '48906', '3', 'francisco', '20:17:45', ''),
(60, 'Salida', 'Orden de servicio', '27039', 1, '10/10/2012', NULL, '49252', '3', 'francisco', '11:48:45', ''),
(61, 'Salida', 'Orden de servicio', '13022', 1, '10/10/2012', NULL, '49231', '1', 'francisco', '11:50:40', ''),
(62, 'Salida', 'Orden de servicio', '13022', 1, '10/10/2012', NULL, '49231', '3', 'francisco', '11:51:31', ''),
(63, 'Salida', 'Orden de servicio', '10497', 2, '10/10/2012', NULL, '49260', '1', 'laura', '12:04:19', ''),
(64, 'Salida', 'Orden de servicio', '10280', 4, '10/10/2012', NULL, '49266', '3', 'GUADALUPE', '12:16:08', ''),
(65, 'Salida', 'Orden de servicio', '20679', 2, '10/10/2012', NULL, '49267', '1', 'jabrago', '12:49:06', ''),
(66, 'Salida', 'Factura', '28653', 4, '10/10/2012', '15694', NULL, '1', 'mary', '13:15:07', ''),
(67, 'Salida', 'Orden de servicio', '22093', 2, '10/10/2012', NULL, '49272', '1', 'mary', '13:37:07', ''),
(68, 'Salida', 'Orden de servicio', '23176', 4, '10/10/2012', NULL, '49274', '1', 'LAURA', '18:16:52', ''),
(69, 'Salida', 'Orden de servicio', '21480', 1, '10/10/2012', NULL, '49268', '2', 'GUADALUPE', '18:54:18', ''),
(70, 'Salida', 'Orden de servicio', '606', 2, '10/10/2012', NULL, '49270', '1', 'GUADALUPE', '18:58:44', ''),
(71, 'Salida', 'Orden de servicio', '36630', 2, '10/10/2012', NULL, '49270', '3', 'GUADALUPE', '18:58:57', ''),
(72, 'Salida', 'Orden de servicio', '22873', 2, '11/10/2012', NULL, '49285', '1', 'jabrago', '10:42:51', ''),
(73, 'Salida', 'Orden de servicio', '10251', 4, '15/10/2012', NULL, '49337', '1', 'laura', '18:18:22', ''),
(74, 'Salida', 'Orden de servicio', '10042', 4, '15/10/2012', NULL, '49339', '1', 'laura', '18:38:30', ''),
(75, 'Salida', 'Orden de servicio', '77205', 6, '15/10/2012', NULL, '49324', '3', 'laura', '18:43:34', ''),
(76, 'Salida', 'Orden de servicio', '23176', 4, '16/10/2012', NULL, '49336', '3', 'GUADALUPE', '12:49:26', ''),
(77, 'Salida', 'Orden de servicio', '55332', 4, '17/10/2012', NULL, '49365', '1', 'laura', '17:23:15', ''),
(78, 'Salida', 'Orden de servicio', '10761', 2, '17/10/2012', NULL, '49376', '3', 'GUADALUPE', '17:30:41', ''),
(79, 'Salida', 'Orden de servicio', '6573', 2, '17/10/2012', NULL, '49375', '3', 'GUADALUPE', '17:33:09', ''),
(80, 'Salida', 'Orden de servicio', '89796', 2, '17/10/2012', NULL, '49370', '3', 'GUADALUPE', '17:35:32', ''),
(81, 'Salida', 'Orden de servicio', '10631', 1, '17/10/2012', NULL, '49367', '1', 'GUADALUPE', '17:38:02', ''),
(82, 'Salida', 'Orden de servicio', '10209', 6, '17/10/2012', NULL, '49363', '3', 'GUADALUPE', '17:40:28', ''),
(83, 'Salida', 'Orden de servicio', '64077', 2, '17/10/2012', NULL, '49341', '1', 'GUADALUPE', '17:42:50', ''),
(84, 'Salida', 'Orden de servicio', '3219', 4, '17/10/2012', NULL, '49340', '1', 'GUADALUPE', '17:45:39', '');

-- --------------------------------------------------------

--
-- Estructura de tabla para la tabla `orden_servicios`
--

CREATE TABLE IF NOT EXISTS `orden_servicios` (
  `id_os` int(10) unsigned NOT NULL AUTO_INCREMENT,
  `folio_os` varchar(10) DEFAULT NULL,
  `fecha` varchar(45) DEFAULT NULL,
  `estatus` varchar(45) NOT NULL,
  `vendedor` varchar(45) NOT NULL,
  PRIMARY KEY (`id_os`) USING BTREE
) ENGINE=InnoDB  DEFAULT CHARSET=latin1 ROW_FORMAT=DYNAMIC AUTO_INCREMENT=91 ;

--
-- Volcado de datos para la tabla `orden_servicios`
--

INSERT INTO `orden_servicios` (`id_os`, `folio_os`, `fecha`, `estatus`, `vendedor`) VALUES
(1, '49090', '01/10/2012', 'cerrado', 'ana laura bravo'),
(2, '49091', '01/10/2012', 'cerrado', 'guadalupe mora'),
(3, '49160', '04/10/2012', 'cerrado', 'jasmin gonzalez'),
(4, '49159', '04/10/2012', 'cerrado', 'jasmin gonzalez'),
(5, '49156', '04/10/2012', 'cerrado', 'jasmin gonzalez'),
(6, '49146', '04/10/2012', 'cerrado', 'jasmin gonzalez'),
(7, '49145', '04/10/2012', 'activo', 'jasmin gonzalez'),
(8, '49142', '04/10/2012', 'cerrado', 'jasmin gonzalez'),
(9, '49136', '04/10/2012', 'cerrado', 'jasmin gonzalez'),
(10, '49134', '04/10/2012', 'cerrado', 'jasmin gonzalez'),
(11, '49128', '04/10/2012', 'cerrado', 'jasmin gonzalez'),
(12, '49127', '04/10/2012', 'cerrado', 'jasmin gonzalez'),
(13, '49121', '04/10/2012', 'cerrado', 'jasmin gonzalez'),
(14, '49102', '04/10/2012', 'cerrado', 'jasmin gonzalez'),
(15, '49094', '04/10/2012', 'cerrado', 'jasmin gonzalez'),
(16, '49092', '04/10/2012', 'cerrado', 'jasmin gonzalez'),
(17, '49088', '04/10/2012', 'cerrado', 'jasmin gonzalez'),
(18, '49082', '04/10/2012', 'cerrado', 'jasmin gonzalez'),
(19, '49150', '04/10/2012', 'activo', 'jasmin gonzalez'),
(20, '49149', '04/10/2012', 'activo', 'jasmin gonzalez'),
(21, '49148', '04/10/2012', 'activo', 'jasmin gonzalez'),
(22, '49162', '04/10/2012', 'activo', 'jasmin gonzalez'),
(23, '49143', '04/10/2012', 'activo', 'jasmin gonzalez'),
(24, '49138', '04/10/2012', 'activo', 'jasmin gonzalez'),
(25, '49119', '04/10/2012', 'activo', 'jasmin gonzalez'),
(26, '49116', '04/10/2012', 'activo', 'jasmin gonzalez'),
(27, '49108', '04/10/2012', 'activo', 'jasmin gonzalez'),
(28, '49135', '04/10/2012', 'cerrado', 'Fernando Morales'),
(29, '49129', '04/10/2012', 'activo', 'Fernando Morales'),
(30, '49080', '05/10/2012', 'activo', 'jasmin gonzalez'),
(31, '49081', '05/10/2012', 'activo', 'jasmin gonzalez'),
(32, '49084', '05/10/2012', 'cerrado', 'jasmin gonzalez'),
(33, '49086', '05/10/2012', 'activo', 'jasmin gonzalez'),
(34, '49093', '05/10/2012', 'cerrado', 'jasmin gonzalez'),
(35, '49097', '05/10/2012', 'activo', 'jasmin gonzalez'),
(36, '49098', '05/10/2012', 'activo', 'jasmin gonzalez'),
(37, '49101', '05/10/2012', 'cerrado', 'jasmin gonzalez'),
(38, '49106', '05/10/2012', 'activo', 'jasmin gonzalez'),
(39, '49107', '05/10/2012', 'activo', 'jasmin gonzalez'),
(40, '49115', '05/10/2012', 'activo', 'jasmin gonzalez'),
(41, '49122', '05/10/2012', 'activo', 'jasmin gonzalez'),
(42, '49123', '05/10/2012', 'activo', 'jasmin gonzalez'),
(43, '49126', '05/10/2012', 'activo', 'jasmin gonzalez'),
(44, '49130', '05/10/2012', 'activo', 'jasmin gonzalez'),
(45, '49131', '05/10/2012', 'activo', 'jasmin gonzalez'),
(46, '49132', '05/10/2012', 'activo', 'jasmin gonzalez'),
(47, '49133', '05/10/2012', 'activo', 'jasmin gonzalez'),
(48, '49137', '05/10/2012', 'cerrado', 'jasmin gonzalez'),
(49, '49141', '05/10/2012', 'activo', 'jasmin gonzalez'),
(50, '49147', '05/10/2012', 'cerrado', 'jasmin gonzalez'),
(51, '49164', '05/10/2012', 'activo', 'jasmin gonzalez'),
(52, '49099', '05/10/2012', 'activo', 'jasmin gonzalez'),
(53, '49100', '05/10/2012', 'cerrado', 'jasmin gonzalez'),
(54, '49139', '05/10/2012', 'activo', 'jasmin gonzalez'),
(55, '49087', '05/10/2012', 'activo', 'jasmin gonzalez'),
(56, '49095', '05/10/2012', 'activo', 'jasmin gonzalez'),
(57, '49103', '05/10/2012', 'activo', 'jasmin gonzalez'),
(58, '49118', '05/10/2012', 'activo', 'jasmin gonzalez'),
(59, '49151', '05/10/2012', 'activo', 'jasmin gonzalez'),
(60, '49155', '05/10/2012', 'activo', 'jasmin gonzalez'),
(61, '49165', '05/10/2012', 'activo', 'jasmin gonzalez'),
(62, '49166', '05/10/2012', 'activo', 'jasmin gonzalez'),
(63, '49219', '09/10/2012', 'cerrado', 'ana laura bravo'),
(65, '48596', '09/10/2012', 'cerrado', 'Francisco Matus'),
(66, '48906', '09/10/2012', 'cerrado', 'Francisco Matus'),
(67, '49231', '10/10/2012', 'cerrado', 'Francisco Matus'),
(68, '49252', '10/10/2012', 'cerrado', 'Francisco Matus'),
(69, '49260', '10/10/2012', 'cerrado', 'ana laura bravo'),
(70, '49266', '10/10/2012', 'cerrado', 'guadalupe mora'),
(71, '49267', '10/10/2012', 'cerrado', 'jasmin gonzalez'),
(72, '49270', '10/10/2012', 'cerrado', 'guadalupe mora'),
(73, '49272', '10/10/2012', 'activo', 'MARIBEL HERNANDEZ'),
(74, '49277', '10/10/2012', 'cerrado', 'MARIBEL HERNANDEZ'),
(75, '49274', '10/10/2012', 'cerrado', 'ana laura bravo'),
(76, '49268', '10/10/2012', 'cerrado', 'guadalupe mora'),
(77, '49285', '11/10/2012', 'cerrado', 'jasmin gonzalez'),
(78, '49337', '15/10/2012', 'cerrado', 'ana laura bravo'),
(79, '49339', '15/10/2012', 'cerrado', 'ana laura bravo'),
(80, '49324', '15/10/2012', 'cerrado', 'ana laura bravo'),
(81, '49336', '16/10/2012', 'cerrado', 'guadalupe mora'),
(82, '49331', '16/10/2012', 'activo', 'guadalupe mora'),
(83, '49365', '17/10/2012', 'activo', 'ana laura bravo'),
(84, '49376', '17/10/2012', 'cerrado', 'guadalupe mora'),
(85, '49375', '17/10/2012', 'cerrado', 'guadalupe mora'),
(86, '49370', '17/10/2012', 'cerrado', 'guadalupe mora'),
(87, '49367', '17/10/2012', 'cerrado', 'guadalupe mora'),
(88, '49363', '17/10/2012', 'cerrado', 'guadalupe mora'),
(89, '49341', '17/10/2012', 'cerrado', 'guadalupe mora'),
(90, '49340', '17/10/2012', 'cerrado', 'guadalupe mora');

-- --------------------------------------------------------

--
-- Estructura de tabla para la tabla `servicios`
--

CREATE TABLE IF NOT EXISTS `servicios` (
  `id_servicios` int(10) unsigned NOT NULL AUTO_INCREMENT,
  `servicio` varchar(45) NOT NULL,
  PRIMARY KEY (`id_servicios`)
) ENGINE=InnoDB  DEFAULT CHARSET=latin1 AUTO_INCREMENT=11 ;

--
-- Volcado de datos para la tabla `servicios`
--

INSERT INTO `servicios` (`id_servicios`, `servicio`) VALUES
(1, 'ALINEACION'),
(2, 'BALANCEO AUTO'),
(3, 'BALANCEO CAMIONETA'),
(4, 'BALANCEO CAMION'),
(5, 'BALANCEO 3/T'),
(6, 'MONTAJE AUTO'),
(7, 'MONTAJE CAMIONETA'),
(8, 'MONTAJE CAMION'),
(9, 'MONTAJE 3/T'),
(10, 'MANO DE OBRA');

-- --------------------------------------------------------

--
-- Estructura de tabla para la tabla `trabajadores`
--

CREATE TABLE IF NOT EXISTS `trabajadores` (
  `id_trabajadores` int(10) unsigned NOT NULL AUTO_INCREMENT,
  `nombre` varchar(45) NOT NULL,
  `puesto` varchar(45) NOT NULL,
  `direccion` varchar(100) NOT NULL,
  `telefono` varchar(20) NOT NULL,
  PRIMARY KEY (`id_trabajadores`)
) ENGINE=InnoDB  DEFAULT CHARSET=latin1 ROW_FORMAT=DYNAMIC AUTO_INCREMENT=8 ;

--
-- Volcado de datos para la tabla `trabajadores`
--

INSERT INTO `trabajadores` (`id_trabajadores`, `nombre`, `puesto`, `direccion`, `telefono`) VALUES
(1, 'PATRICIO', 'Alineador', ' NO DEFINIDA', 'NO DEFINIDO'),
(2, 'ERICEL', 'Alineador', 'NULO', 'NULO'),
(3, 'CARLOS', 'Alineador', 'NULO', 'NULO'),
(4, 'ZEFERINO', 'Suspensionista', 'NULO', 'NULO'),
(5, 'DANIEL', 'Suspensionista', 'NULO', 'NULO'),
(6, 'SILVIO', 'Técnico en llantas', 'NULO', 'NULO'),
(7, 'PEDRO', 'Técnico en llantas', 'NULO', 'NULO');

-- --------------------------------------------------------

--
-- Estructura de tabla para la tabla `usuarios`
--

CREATE TABLE IF NOT EXISTS `usuarios` (
  `idUsuarios` int(10) unsigned NOT NULL AUTO_INCREMENT,
  `nombre` varchar(45) NOT NULL,
  `apellido` varchar(45) NOT NULL,
  `username` varchar(45) NOT NULL,
  `password` varchar(45) NOT NULL,
  `tipo` varchar(45) NOT NULL,
  `puesto` varchar(45) NOT NULL,
  PRIMARY KEY (`idUsuarios`)
) ENGINE=InnoDB  DEFAULT CHARSET=latin1 ROW_FORMAT=DYNAMIC AUTO_INCREMENT=17 ;

--
-- Volcado de datos para la tabla `usuarios`
--

INSERT INTO `usuarios` (`idUsuarios`, `nombre`, `apellido`, `username`, `password`, `tipo`, `puesto`) VALUES
(2, 'Fernando', 'Morales', 'ferko', '8cb2237d0679ca88db6464eac60da96345513964', 'Administrador', 'ninguno'),
(8, 'guadalupe', 'mora', 'guadalupe', '50d6b832a56e9b6558f12c137fab0536061431d9', 'Ventas', 'vendedor'),
(9, 'cristina', 'martinez', 'cristina', '1022c125384fdeac5afd4f9dea1eb08b793eadca', 'Servicios', 'capturista'),
(10, 'ana laura', 'bravo', 'laura', '2550071709cb60cd9873c5624e55b71850ab90bd', 'Ventas', 'VENDEDOR'),
(11, 'Diego', 'Bautista', 'chocorroll', '8cb2237d0679ca88db6464eac60da96345513964', 'Bodegas', 'Almacenista'),
(12, 'jasmin', 'gonzalez', 'jabrago', '81f705dc2ce1a61a2621e0e4b442a9474e1d0c70', 'Ventas', 'vendedor'),
(13, 'Francisco', 'Matus', 'francisco', '986d4b5276053f0ed85c963c85d69a67b27fcb76', 'Administrador', 'gte. servicios.'),
(14, 'MARIBEL', 'HERNANDEZ', 'mary', '8e0daa79250964976481ab8aeca7d23cb35806aa', 'Ventas', 'VENTAS CREDITO'),
(16, 'AIDA', 'RUIZ', 'aida', '2dff4fc90e2973f54d62e257480de234bc59e2c4', 'Ventas', 'depto. de ventas');

/*!40101 SET CHARACTER_SET_CLIENT=@OLD_CHARACTER_SET_CLIENT */;
/*!40101 SET CHARACTER_SET_RESULTS=@OLD_CHARACTER_SET_RESULTS */;
/*!40101 SET COLLATION_CONNECTION=@OLD_COLLATION_CONNECTION */;
